"matchKey","matchnumber","alliance","startTime","eventKey","reportedWinningAlliance","reportedRedScore","reportedBlueScore","scoutname","teamNumber","teamOccurrence","noshow","autonote1","autonote2","autonote3","autonote4","autonote5","autonote6","autonote7","autonote8","startingpos","autoamp","autospeaker","leave","teleopamp","teleopspeaker","shotfromsubwoofer","shotfrompodium","shotfromwing","shotfromoutside","teleoptrap","amplifications","passednotes","climbtime","onstageorder","harmonizeqty","buddy","spotlit","floorpickup","sourcepickup","understage","playeddefense","receiveddefense","died","tipped","broke","rating","comments"
"2024inpla_qm1",1,"red","11/4/56195 00:00:00","2024inpla",,-1,-1,"Jonathan (3940)",234,1,0,0,1,1,0,0,0,0,0,"b",0,3,1,1,5,0,1,0,0,0,2,0,10,"0","0",0,0,1,0,0,0,0,0,0,0,"1","When going fast and abruptly stopping, they would tip slightly. Shooter is connected to the climber."
"2024inpla_qm1",1,"blue","11/4/56195 00:00:00","2024inpla",,-1,-1,"Jack (3494)",447,1,0,0,0,0,0,0,0,0,0,"a",0,0,0,1,4,1,0,0,0,0,1,0,15,"1","0",0,0,1,1,1,0,0,0,0,0,"3",""
"2024inpla_qm1",1,"red","11/4/56195 00:00:00","2024inpla",,-1,-1,"Esteban (5010)",2867,1,0,0,0,0,0,0,0,0,0,"c",0,1,1,0,4,1,0,0,0,0,2,0,15,"2","0",0,0,0,0,1,0,0,0,0,0,"3","decently quick, only missed 1 shot"
"2024inpla_qm1",1,"blue","11/4/56195 00:00:00","2024inpla",,-1,-1,"Juana (829)",4008,1,0,0,0,0,0,0,0,0,0,"d",0,0,0,0,0,0,0,0,0,0,0,0,0,"0","0",0,0,0,0,0,1,0,0,0,0,"1","we're playing defense after trying to score failed, attempted to climb but didn't make it, were having a bit trouble on the field "
"2024inpla_qm1",1,"red","11/4/56195 00:00:00","2024inpla",,-1,-1,"Marie (7617)",7457,1,0,1,0,0,1,1,0,0,0,"a",0,3,1,3,3,0,1,1,0,1,2,0,32,"1","1",0,0,1,0,1,0,0,0,0,0,"2","really good robot all around, can score both Amp and speaker. podium shooting capabilities "
"2024inpla_qm1",1,"blue","11/4/56195 00:00:00","2024inpla",,-1,-1,"Tony (7457)",9071,1,0,0,0,0,0,0,0,1,0,"d",0,0,1,1,0,0,0,0,0,0,1,0,0,"4","0",0,0,1,0,1,0,0,0,0,0,"3","ran into the stage multiple times  "
"2024inpla_qm2",2,"red","11/2/56195 13:20:00","2024inpla",,-1,-1,"Jonathan (3940)",868,1,0,0,0,0,0,0,0,1,1,"c",0,2,1,0,5,0,0,0,0,0,0,0,15,"2","0",0,0,1,1,0,0,1,0,0,0,"2","They got hit hard and almost fell over"
"2024inpla_qm2",2,"red","11/2/56195 13:20:00","2024inpla",,-1,-1,"Esteban (5010)",1018,1,0,0,0,0,0,0,0,0,0,"a",0,1,0,2,3,1,0,0,0,0,1,0,6,"2","0",0,0,1,0,0,0,0,0,0,0,"3","tips a lot, not very fast"
"2024inpla_qm2",2,"blue","11/2/56195 13:20:00","2024inpla",,-1,-1,"Jack (3494)",1741,1,0,1,1,1,0,0,0,0,0,"c",0,4,0,0,7,1,1,0,0,0,2,0,10,"2","0",0,0,1,1,1,0,0,0,0,0,"1",""
"2024inpla_qm2",2,"red","11/2/56195 13:20:00","2024inpla",,-1,-1,"Marie (7617)",3940,1,0,0,1,0,0,0,0,0,0,"b",0,2,1,2,2,1,0,0,0,0,1,0,27,"4","1",0,0,1,0,1,0,0,0,0,0,"1","theoretical trap capabilities, didn't quite work out"
"2024inpla_qm2",2,"blue","11/2/56195 13:20:00","2024inpla",,-1,-1,"Juana (829)",3947,1,0,0,0,0,0,0,0,0,0,"d",0,0,0,0,0,0,0,0,0,0,0,0,0,"0","0",0,0,0,0,0,0,0,1,0,0,"3","died in the beginning of teleop"
"2024inpla_qm2",2,"blue","11/2/56195 13:20:00","2024inpla",,-1,-1,"Tony (7457)",6721,1,0,0,0,0,0,0,0,0,0,"c",0,0,0,2,0,0,0,0,0,0,2,0,8,"1","1",0,0,1,0,1,0,0,0,0,0,"2",""
"2024inpla_qm3",3,"red","11/1/56195 02:40:00","2024inpla",,-1,-1,"Jonathan (3940)",4982,1,0,1,0,0,0,0,0,0,0,"b",0,2,0,4,4,1,0,0,0,0,2,0,8,"2","0",0,0,1,0,0,0,0,0,0,0,"1","Carried red alliance"
"2024inpla_qm3",3,"blue","11/1/56195 02:40:00","2024inpla",,-1,-1,"Jack (3494)",6956,1,0,0,0,0,0,0,0,0,0,"c",0,1,1,0,4,1,0,0,0,0,1,0,11,"2","0",0,0,1,1,1,0,0,0,0,0,"3","Got stuck for a few seconds"
"2024inpla_qm3",3,"blue","11/1/56195 02:40:00","2024inpla",,-1,-1,"Juana (829)",7477,1,0,0,0,0,0,0,0,0,0,"d",0,0,0,0,0,0,0,0,0,0,0,0,0,"0","0",0,0,0,1,0,1,0,0,0,0,"2","attempted to score in speaker but couldn't make the right distance/range, played defense for a small bit "
"2024inpla_qm3",3,"blue","11/1/56195 02:40:00","2024inpla",,-1,-1,"Tony (7457)",7617,1,0,0,0,0,0,0,0,0,0,"b",0,0,0,3,2,0,0,0,0,0,1,0,3,"3","2",0,0,1,0,1,0,0,0,0,0,"1",""
"2024inpla_qm3",3,"red","11/1/56195 02:40:00","2024inpla",,-1,-1,"Esteban (5010)",9431,1,0,0,0,0,0,0,0,0,0,"d",0,0,1,0,0,0,0,0,0,0,2,0,0,"4","0",0,0,0,0,0,1,0,0,0,0,"2","struggled to properly defend robots "
"2024inpla_qm3",3,"red","11/1/56195 02:40:00","2024inpla",,-1,-1,"Marie (7617)",9530,1,0,0,0,0,0,0,0,0,0,"d",0,0,0,0,0,0,0,0,0,0,2,0,0,"0","0",0,0,0,0,0,0,1,1,0,0,"3","the robot had a general aura of decrepitness. Motors were sluggish."
"2024inpla_qm4",4,"red","0/6/56196 16:00:00","2024inpla",,-1,-1,"Jonathan (3940)",328,1,0,0,0,0,0,0,0,0,0,"a",0,0,0,8,0,0,0,0,0,0,0,0,0,"4","0",0,0,1,0,1,0,0,0,0,0,"1","Only used the Amp. "
"2024inpla_qm4",4,"blue","0/6/56196 16:00:00","2024inpla",,-1,-1,"Jack (3494)",461,1,0,1,0,0,1,0,0,0,0,"a",0,1,1,4,2,1,1,0,0,0,0,0,0,"4","0",0,0,1,0,1,0,0,0,0,0,"1",""
"2024inpla_qm4",4,"red","0/6/56196 16:00:00","2024inpla",,-1,-1,"Esteban (5010)",3865,1,0,0,0,0,0,0,0,0,0,"d",0,0,0,0,0,0,0,0,0,0,0,0,0,"0","0",0,0,0,0,0,0,0,1,0,0,"3","had problems before match that couldn't get fixed "
"2024inpla_qm4",4,"red","0/6/56196 16:00:00","2024inpla",,-1,-1,"Marie (7617)",3936,1,0,0,0,0,0,0,0,0,0,"b",0,1,1,0,0,0,0,0,0,0,0,0,0,"0","0",0,0,0,0,0,1,0,0,0,0,"2","couldn't shoot or pick up notes, played defense poorly, and sort of just boped around "
"2024inpla_qm4",4,"blue","0/6/56196 16:00:00","2024inpla",,-1,-1,"Juana (829)",4485,1,0,0,0,0,0,0,0,0,0,"c",0,0,0,0,0,0,0,0,0,0,0,0,0,"0","0",0,0,1,0,0,1,0,0,0,0,"3","attempted to shot in speaker multiple times but range were off, went to play defense "
"2024inpla_qm4",4,"blue","0/6/56196 16:00:00","2024inpla",,-1,-1,"Carter (7457)",4580,1,0,0,1,0,0,0,0,0,0,"b",0,0,0,1,5,1,0,0,0,0,0,0,3,"4","0",0,0,1,0,1,0,0,0,0,0,"2","Auto shots were extremely weak but during teleop they hit"
"2024inpla_qm5",5,"red","0/5/56196 05:20:00","2024inpla",,-1,-1,"Jonathan (3940)",292,1,0,1,1,1,0,0,0,0,0,"b",0,4,1,0,7,1,0,0,0,0,2,0,12,"1","1",0,0,1,0,1,0,1,0,0,0,"1","Good cycles and lots of them too."
"2024inpla_qm5",5,"blue","0/5/56196 05:20:00","2024inpla",,-1,-1,"Jack (3494)",1501,1,0,1,1,1,1,0,0,0,0,"b",0,1,1,4,3,1,0,1,0,0,0,0,30,"0","0",0,0,1,0,1,0,0,0,0,0,"1",""
"2024inpla_qm5",5,"red","0/5/56196 05:20:00","2024inpla",,-1,-1,"Esteban (5010)",1747,1,0,0,0,0,0,0,0,0,0,"c",0,1,0,4,0,0,0,0,0,0,2,0,0,"0","0",0,0,1,0,0,0,0,0,0,0,"2","notes were initially getting stuck in amp"
"2024inpla_qm5",5,"red","0/5/56196 05:20:00","2024inpla",,-1,-1,"Marie (7617)",3890,1,0,0,0,0,0,0,0,0,0,"a",0,0,0,0,0,0,0,0,0,0,3,0,0,"0","0",0,0,0,0,0,0,0,1,0,0,"3",""
"2024inpla_qm5",5,"blue","0/5/56196 05:20:00","2024inpla",,-1,-1,"Juana (829)",8742,1,0,0,0,0,0,0,0,0,0,"c",0,0,0,0,2,1,0,0,0,0,0,0,5,"3","0",0,0,1,0,0,1,0,0,0,0,"2",""
"2024inpla_qm5",5,"blue","0/5/56196 05:20:00","2024inpla",,-1,-1,"Carter (7457)",9119,1,0,0,0,0,0,0,0,0,0,"d",0,0,1,0,0,0,0,0,0,0,0,1,27,"1","0",0,0,0,0,0,1,0,0,0,0,"3","Kept risking penalties on defense and did get one in the Amp zone"
"2024inpla_qm6",6,"red","0/3/56196 18:40:00","2024inpla",,-1,-1,"Jonathan (3940)",135,1,0,0,0,0,0,0,0,0,1,"c",0,1,0,0,9,1,1,1,0,0,0,0,0,"0","0",0,0,1,0,1,0,0,0,0,0,"1","Drove slow, shooter was accurate."
"2024inpla_qm6",6,"red","0/3/56196 18:40:00","2024inpla",,-1,-1,"Beau (5010)",829,1,0,0,1,0,0,0,0,0,0,"b",0,2,1,0,4,1,0,1,0,0,1,4,0,"0","0",0,0,1,0,0,0,0,0,0,0,"2",""
"2024inpla_qm6",6,"red","0/3/56196 18:40:00","2024inpla",,-1,-1,"Marie (7617)",3487,1,0,0,0,0,0,0,0,0,0,"a",0,0,0,3,0,0,0,0,0,0,1,0,3,"4","0",0,0,1,0,0,0,0,0,0,0,"3","only scored in Amp, never went under the stage"
"2024inpla_qm6",6,"blue","0/3/56196 18:40:00","2024inpla",,-1,-1,"Jack (3494)",3494,1,0,0,0,0,1,0,0,0,0,"a",1,0,1,6,0,0,0,0,0,1,0,0,30,"1","0",0,0,1,0,1,0,0,0,0,0,"1",""
"2024inpla_qm6",6,"blue","0/3/56196 18:40:00","2024inpla",,-1,-1,"Juana (829)",5010,1,0,0,1,1,0,0,0,0,0,"b",0,3,0,0,7,1,0,0,0,0,0,0,4,"2","0",0,0,1,1,0,0,0,0,0,0,"2",""
"2024inpla_qm6",6,"blue","0/3/56196 18:40:00","2024inpla",,-1,-1,"Carter (7457)",7477,2,0,0,0,0,0,0,0,0,0,"d",0,0,0,0,0,0,0,0,0,0,0,0,0,"0","0",0,0,0,0,0,1,0,0,0,0,"3","Wasn't bad defense not aggressive though caused them to pushed into source twice "
"2024inpla_qm7",7,"blue","0/2/56196 08:00:00","2024inpla",,-1,-1,"Jack (3494)",328,2,0,0,0,0,0,0,0,0,0,"b",0,0,0,3,0,0,0,1,0,0,1,0,0,"4","2",0,0,1,0,1,1,0,0,0,0,"3","driving was sideways,hard to pick up notes"
"2024inpla_qm7",7,"red","0/2/56196 08:00:00","2024inpla",,-1,-1,"Jonathan (3940)",3865,2,0,0,0,0,0,0,0,0,0,"d",0,0,1,0,0,0,0,0,0,0,0,0,0,"0","0",0,0,0,0,0,1,0,0,0,0,"3","All they did was defense"
"2024inpla_qm7",7,"red","0/2/56196 08:00:00","2024inpla",,-1,-1,"Beau (5010)",3940,2,0,0,0,1,0,0,0,0,0,"b",0,1,1,1,9,1,0,0,0,0,0,0,4,"1","0",0,0,1,0,1,0,0,0,0,0,"1",""
"2024inpla_qm7",7,"red","0/2/56196 08:00:00","2024inpla",,-1,-1,"Riley (7617)",4485,2,0,0,0,0,0,0,0,0,0,"a",0,0,0,0,0,0,0,0,0,0,0,0,0,"4","0",0,0,0,0,0,1,0,0,0,0,"2",""
"2024inpla_qm7",7,"blue","0/2/56196 08:00:00","2024inpla",,-1,-1,"Juana (829)",6956,2,0,0,0,0,0,0,0,0,0,"c",0,0,0,0,4,1,0,0,0,0,0,0,0,"0","0",0,0,0,1,0,0,1,0,0,0,"2","attempted to climb ran out of time "
"2024inpla_qm7",7,"blue","0/2/56196 08:00:00","2024inpla",,-1,-1,"Carter (7457)",7457,2,0,1,0,0,1,0,0,0,0,"a",0,2,1,1,3,0,1,0,1,1,1,0,14,"1","0",0,0,1,0,1,0,1,0,0,0,"1","Heavy defense but push around it missed a few shots from getting rammed"
"2024inpla_qm8",8,"red","0/0/56196 21:20:00","2024inpla",,-1,-1,"Jonathan (3940)",447,2,0,0,0,0,0,0,0,0,0,"a",0,0,0,1,2,1,0,0,0,0,1,0,0,"0","0",0,0,1,0,0,0,0,0,0,0,"2","Has an odd side intake. Shooter is not very powerful."
"2024inpla_qm8",8,"blue","0/0/56196 21:20:00","2024inpla",,-1,-1,"Evan (3494)",1501,2,0,1,1,0,0,0,0,0,0,"b",0,2,0,3,4,1,1,1,0,0,2,0,13,"1","2",0,0,1,1,0,1,0,0,0,0,"1",""
"2024inpla_qm8",8,"blue","0/0/56196 21:20:00","2024inpla",,-1,-1,"Juana (829)",3890,2,0,0,0,0,0,0,0,0,0,"a",0,0,0,0,0,0,0,0,0,0,0,0,0,"0","0",0,0,0,0,0,0,0,0,0,0,"3","moved very slowly (could be due to some connection issue ?) , attempted to climb but hadn't made in time "
"2024inpla_qm8",8,"red","0/0/56196 21:20:00","2024inpla",,-1,-1,"Beau (5010)",6721,2,0,1,0,0,0,0,0,0,0,"b",0,1,1,4,3,1,0,0,0,0,1,0,10,"1","0",0,0,1,0,1,0,1,0,0,0,"1",""
"2024inpla_qm8",8,"red","0/0/56196 21:20:00","2024inpla",,-1,-1,"Riley (7617)",9119,2,0,0,0,0,0,0,0,0,0,"d",0,0,1,0,0,0,0,0,0,0,0,0,0,"4","0",0,0,0,0,0,1,0,0,0,0,"3","only managed to successfully play defense once despite trying for the entire match"
"2024inpla_qm8",8,"blue","0/0/56196 21:20:00","2024inpla",,-1,-1,"Carter (7457)",9530,2,0,0,0,0,0,0,0,0,0,"c",0,0,0,0,0,0,0,0,0,0,0,0,20,"4","0",0,0,0,0,0,1,0,0,0,0,"2","Had no pushing power, barely avoided a few penalties "
"2024inpla_qm9",9,"red","0/6/56196 10:40:00","2024inpla",,-1,-1,"Jonathan (3940)",868,2,0,1,1,1,0,0,0,0,0,"b",0,4,1,0,0,1,0,0,0,0,0,0,0,"0","0",0,0,1,1,0,0,0,0,0,0,"3","Got hit hard during auto and disabled."
"2024inpla_qm9",9,"blue","0/6/56196 10:40:00","2024inpla",,-1,-1,"Evan (3494)",1747,2,0,0,0,0,0,0,0,0,0,"",0,1,0,3,2,0,0,0,0,0,2,0,20,"1","2",1,0,1,1,0,1,1,0,0,0,"1",""
"2024inpla_qm9",9,"blue","0/6/56196 10:40:00","2024inpla",,-1,-1,"Juana (829)",2867,2,0,0,1,0,0,0,0,0,0,"b",0,1,0,0,5,1,0,0,0,0,0,0,6,"3","0",0,0,1,1,0,0,0,0,0,0,"2",""
"2024inpla_qm9",9,"red","0/6/56196 10:40:00","2024inpla",,-1,-1,"Beau (5010)",3494,2,0,1,0,0,0,0,0,0,0,"a",1,0,1,8,1,1,0,0,0,0,1,1,5,"1","1",0,0,1,0,1,0,0,0,0,0,"1",""
"2024inpla_qm9",9,"blue","0/6/56196 10:40:00","2024inpla",,-1,-1,"Carter (7457)",3936,2,0,0,0,0,0,0,0,0,0,"a",0,1,1,0,1,1,0,0,0,0,0,0,17,"4","0",0,0,1,0,1,0,0,0,0,1,"3","Struggle picking up notes, hook broke during climb"
"2024inpla_qm9",9,"red","0/6/56196 10:40:00","2024inpla",,-1,-1,"Riley (7617)",3947,2,0,0,0,0,0,0,0,0,0,"d",0,0,0,0,1,1,0,0,0,0,0,0,0,"4","0",0,0,0,0,1,1,0,0,0,0,"2",""
"2024inpla_qm10",10,"red","1/5/56196 00:00:00","2024inpla",,-1,-1,"Jonathan (3940)",234,2,0,0,1,1,0,0,0,0,0,"b",0,3,0,0,5,1,0,0,0,0,2,0,20,"2","1",0,0,1,0,0,0,0,0,0,0,"2",""
"2024inpla_qm10",10,"red","1/5/56196 00:00:00","2024inpla",,-1,-1,"Beau (5010)",461,2,0,1,0,0,0,0,0,0,0,"a",0,1,1,5,2,1,1,0,0,0,2,0,17,"2","1",0,0,1,0,1,0,0,0,0,0,"1",""
"2024inpla_qm10",10,"red","1/5/56196 00:00:00","2024inpla",,-1,-1,"Riley (7617)",4008,2,0,0,0,0,0,0,0,0,0,"d",0,0,1,0,0,0,0,0,0,0,0,0,0,"4","0",0,0,0,0,0,0,0,0,0,0,"3","spent 90s trying to climb, only to park at the end"
"2024inpla_qm10",10,"blue","1/5/56196 00:00:00","2024inpla",,-1,-1,"Evan (3494)",4580,2,0,0,0,0,0,0,0,0,0,"a",0,1,0,4,0,0,0,0,0,0,2,0,4,"4","2",0,0,1,0,0,0,0,0,0,0,"3","broke a note"
"2024inpla_qm10",10,"blue","1/5/56196 00:00:00","2024inpla",,-1,-1,"Juana (829)",5010,2,0,1,1,1,0,0,0,0,0,"b",0,3,0,0,4,1,0,0,0,0,0,0,0,"4","0",0,0,1,1,0,0,0,0,0,0,"1",""
"2024inpla_qm10",10,"blue","1/5/56196 00:00:00","2024inpla",,-1,-1,"Carter (7457)",9431,2,0,0,0,0,0,0,0,0,0,"c",0,0,1,0,0,0,0,0,0,0,0,0,32,"1","0",0,0,0,0,0,1,0,0,0,0,"2","Not bad defense did cause Amp contact penalty"
"2024inpla_qm11",11,"blue","1/3/56196 13:20:00","2024inpla",,-1,-1,"Evan (3494)",829,2,0,1,1,0,0,0,0,0,0,"c",0,2,0,5,2,1,0,0,0,0,2,0,5,"4","0",0,0,1,1,0,1,0,0,0,0,"1",""
"2024inpla_qm11",11,"red","1/3/56196 13:20:00","2024inpla",,-1,-1,"Jonathan (3940)",1018,2,0,0,1,0,0,0,0,0,0,"b",0,1,1,2,1,1,0,0,0,0,0,0,3,"0","0",0,0,1,0,0,0,0,0,0,0,"1","Tank drive was shaky. It wasn't very faster either."
"2024inpla_qm11",11,"blue","1/3/56196 13:20:00","2024inpla",,-1,-1,"Juana (829)",1741,2,0,0,0,0,0,0,0,0,0,"b",0,0,0,0,6,1,0,1,0,0,0,0,4,"1","0",0,0,1,1,0,0,1,0,0,0,"2",""
"2024inpla_qm11",11,"red","1/3/56196 13:20:00","2024inpla",,-1,-1,"Bence (5010)",3487,2,0,0,0,0,0,0,0,0,0,"a",0,0,0,1,1,1,0,0,0,0,0,0,0,"0","0",0,1,1,0,1,0,0,1,0,0,"2","Note got stuck but then got it unstuck."
"2024inpla_qm11",11,"blue","1/3/56196 13:20:00","2024inpla",,-1,-1,"Carter (7457)",8742,2,0,0,0,0,0,0,0,0,0,"a",0,1,0,0,1,1,0,0,0,0,0,0,0,"0","0",0,0,1,0,0,0,0,1,0,0,"3","Died and was pushed into opponent amp"
"2024inpla_qm11",11,"red","1/3/56196 13:20:00","2024inpla",,-1,-1,"Riley (7617)",9071,2,0,0,0,0,0,0,0,0,0,"c",0,0,0,0,0,0,0,0,0,0,0,0,0,"4","0",0,0,1,0,1,0,0,1,0,0,"3",""
"2024inpla_qm12",12,"blue","1/2/56196 02:40:00","2024inpla",,-1,-1,"Evan (3494)",135,2,0,0,0,0,0,0,0,0,0,"a",0,0,0,0,3,0,0,1,0,0,0,0,7,"2","2",0,0,1,1,1,0,0,0,0,0,"2",""
"2024inpla_qm12",12,"red","1/2/56196 02:40:00","2024inpla",,-1,-1,"Jonathan (3940)",292,2,0,1,1,1,0,0,0,0,0,"b",0,4,1,0,7,1,0,0,0,0,0,0,0,"0","0",0,0,1,0,1,0,0,0,0,0,"1",""
"2024inpla_qm12",12,"red","1/2/56196 02:40:00","2024inpla",,-1,-1,"Bence (5010)",3936,3,0,0,0,0,0,0,0,0,0,"a",0,0,0,1,0,0,0,0,0,0,0,0,20,"2","0",0,0,1,0,1,0,0,0,0,1,"3","Climb arms broke off."
"2024inpla_qm12",12,"blue","1/2/56196 02:40:00","2024inpla",,-1,-1,"Juana (829)",4485,3,0,0,0,0,0,0,0,0,0,"c",0,0,0,0,0,0,0,0,0,0,0,0,0,"0","0",0,0,1,0,0,1,0,1,0,0,"3",""
"2024inpla_qm12",12,"red","1/2/56196 02:40:00","2024inpla",,-1,-1,"Riley (7617)",4982,2,0,0,0,0,0,0,0,0,0,"c",0,1,1,1,1,1,0,0,0,0,0,0,17,"0","0",0,0,1,0,1,1,0,0,0,0,"2",""
"2024inpla_qm12",12,"blue","1/2/56196 02:40:00","2024inpla",,-1,-1,"Tony (7457)",7617,2,0,0,0,0,0,0,0,0,0,"b",0,0,0,1,0,0,0,0,0,0,2,0,0,"4","0",0,0,1,1,1,0,0,0,0,0,"1",""
"2024inpla_qm13",13,"blue","1/0/56196 16:00:00","2024inpla",,-1,-1,"Evan (3494)",3494,3,0,0,0,0,0,0,0,0,0,"a",1,0,0,8,0,0,0,0,0,1,4,0,15,"1","2",0,0,1,1,1,1,0,0,0,0,"1",""
"2024inpla_qm13",13,"red","1/0/56196 16:00:00","2024inpla",,-1,-1,"Jonathan (3940)",3940,3,0,0,1,1,0,0,0,0,0,"b",0,2,1,3,3,1,1,1,0,0,0,0,30,"0","0",0,1,1,0,1,0,1,0,0,0,"1",""
"2024inpla_qm13",13,"blue","1/0/56196 16:00:00","2024inpla",,-1,-1,"Juana (829)",4008,3,0,0,0,0,0,0,0,0,0,"c",0,0,0,0,0,0,0,0,0,0,0,0,13,"0","0",0,0,0,0,0,1,0,0,0,0,"3","stopped moving, tried climbing but didn't move much"
"2024inpla_qm13",13,"red","1/0/56196 16:00:00","2024inpla",,-1,-1,"Bence (5010)",4580,3,0,0,0,0,0,0,0,0,0,"a",0,1,0,0,3,1,0,0,0,0,0,0,7,"2","0",0,0,1,0,1,0,0,0,0,0,"3",""
"2024inpla_qm13",13,"red","1/0/56196 16:00:00","2024inpla",,-1,-1,"Riley (7617)",6956,3,0,0,0,0,0,0,0,0,0,"c",0,1,0,0,4,1,0,0,0,0,0,0,0,"0","0",0,0,1,0,1,0,0,1,0,0,"2",""
"2024inpla_qm13",13,"blue","1/0/56196 16:00:00","2024inpla",,-1,-1,"Tony (7457)",9530,3,0,0,0,0,0,0,0,0,0,"d",0,0,0,0,0,0,0,0,0,0,2,0,0,"4","0",0,1,0,1,0,0,0,0,0,0,"3","looks to be having control issues "
"2024inpla_qm14",14,"red","1/6/56196 05:20:00","2024inpla",,-1,-1,"Jonathan (3940)",829,3,0,1,1,0,0,0,0,0,0,"b",0,1,1,1,6,1,0,0,0,0,1,0,0,"0","0",0,0,1,0,0,0,1,0,0,0,"1","Shoot notes off the field for some reason."
"2024inpla_qm14",14,"blue","1/6/56196 05:20:00","2024inpla",,-1,-1,"Evan (3494)",3487,3,0,1,0,0,0,0,0,0,0,"b",0,0,0,3,3,1,0,0,0,0,1,0,0,"4","2",0,0,1,1,0,1,0,0,0,0,"2",""
"2024inpla_qm14",14,"red","1/6/56196 05:20:00","2024inpla",,-1,-1,"Bence (5010)",6721,3,0,0,0,1,0,0,0,0,0,"c",0,0,1,2,2,1,0,0,0,0,0,0,0,"4","0",0,0,1,0,1,0,0,0,0,0,"2",""
"2024inpla_qm14",14,"blue","1/6/56196 05:20:00","2024inpla",,-1,-1,"Juana (829)",7457,3,0,0,1,1,1,1,0,0,0,"a",0,5,0,0,6,0,1,1,0,0,0,0,21,"1","0",0,0,1,1,0,0,0,0,0,0,"1",""
"2024inpla_qm14",14,"blue","1/6/56196 05:20:00","2024inpla",,-1,-1,"Tony (7457)",9119,3,0,0,0,0,0,0,0,0,0,"d",0,0,1,0,0,0,0,0,0,0,1,0,5,"2","0",0,0,0,0,0,1,0,0,0,0,"3",""
"2024inpla_qm14",14,"red","1/6/56196 05:20:00","2024inpla",,-1,-1,"Riley (7617)",9431,3,0,0,0,0,0,0,0,0,0,"d",0,0,1,0,0,0,0,0,0,0,0,0,17,"0","0",0,0,0,0,0,1,0,0,0,0,"3",""
"2024inpla_qm15",15,"blue","3/3/56196 00:00:00","2024inpla",,-1,-1,"Evan (3494)",234,3,0,0,0,0,0,0,0,0,0,"",0,0,0,3,5,1,1,0,0,0,0,0,10,"1","0",0,0,1,0,0,0,0,0,0,0,"1",""
"2024inpla_qm15",15,"red","3/3/56196 00:00:00","2024inpla",,-1,-1,"Brianna (829)",328,3,0,0,0,0,0,0,0,0,0,"a",0,0,1,6,0,0,0,0,0,0,2,0,13,"0","0",0,0,1,0,1,0,0,0,0,0,"2","fast cycles, accurate Amp shot"
"2024inpla_qm15",15,"red","3/3/56196 00:00:00","2024inpla",,-1,-1,"Bence (5010)",2867,3,0,0,1,0,0,0,0,0,0,"b",0,2,1,0,6,1,0,0,0,0,0,0,18,"4","0",0,0,1,0,1,0,0,0,0,0,"1","Quick at scoring."
"2024inpla_qm15",15,"blue","3/3/56196 00:00:00","2024inpla",,-1,-1,"Will (3494)",3947,3,0,0,0,0,0,0,0,0,0,"",0,0,0,0,1,1,0,0,0,0,0,0,0,"4","0",0,0,1,1,1,1,0,0,0,0,"3",""
"2024inpla_qm15",15,"red","3/3/56196 00:00:00","2024inpla",,-1,-1,"Riley (7617)",7477,3,0,0,0,0,0,0,0,0,0,"b",0,0,0,0,1,1,0,0,0,0,2,0,7,"0","0",0,0,1,0,0,0,0,1,0,0,"3","Shooter was very weak."
"2024inpla_qm15",15,"blue","3/3/56196 00:00:00","2024inpla",,-1,-1,"Tony (7457)",9071,3,0,0,0,0,0,0,0,0,0,"c",0,0,0,0,3,1,0,0,0,0,0,0,2,"2","0",0,0,1,0,0,0,0,0,0,0,"2",""
"2024inpla_qm16",16,"blue","3/1/56196 13:20:00","2024inpla",,-1,-1,"Jack (3494)",135,3,0,0,0,0,0,0,0,0,0,"c",0,0,1,0,1,0,1,0,0,0,0,0,5,"4","0",0,1,1,0,1,1,0,0,0,0,"1",""
"2024inpla_qm16",16,"red","3/1/56196 13:20:00","2024inpla",,-1,-1,"Brianna (829)",1747,3,0,0,1,0,0,0,0,0,0,"b",0,1,1,1,8,1,0,0,0,0,0,0,10,"0","0",0,0,1,0,1,0,0,0,0,0,"1","accurate shots, no trouble w/ speaker or amp"
"2024inpla_qm16",16,"red","3/1/56196 13:20:00","2024inpla",,-1,-1,"Bence (5010)",3865,3,0,0,0,0,0,0,0,0,0,"d",0,0,1,0,0,0,0,0,0,0,0,2,0,"0","0",0,0,1,0,1,1,1,0,0,0,"3",""
"2024inpla_qm16",16,"blue","3/1/56196 13:20:00","2024inpla",,-1,-1,"Will (3494)",3890,3,0,0,0,0,0,0,0,0,0,"a",0,0,0,0,0,0,0,0,0,0,0,0,0,"0","0",0,0,0,0,0,0,0,0,0,0,"2","could move but couldn't actually do anything, seems they don't have their drive set up right"
"2024inpla_qm16",16,"blue","3/1/56196 13:20:00","2024inpla",,-1,-1,"Tony (7457)",5010,3,0,0,0,0,0,0,0,0,0,"b",0,0,0,0,0,0,0,0,0,0,0,0,0,"0","0",0,0,0,0,0,0,0,1,0,0,"3",""
"2024inpla_qm16",16,"red","3/1/56196 13:20:00","2024inpla",,-1,-1,"Jonathan (3940)",8742,3,0,0,0,0,0,0,0,0,0,"c",0,1,0,0,3,1,0,0,0,0,0,0,0,"4","0",0,0,1,0,0,0,0,0,0,0,"2","Almost fell over. Shoot was weak."
"2024inpla_qm17",17,"red","4/0/56196 02:40:00","2024inpla",,-1,-1,"Brianna (829)",292,3,0,0,0,0,0,0,0,1,1,"c",0,1,1,0,6,1,0,0,0,0,0,0,6,"4","0",0,0,1,0,1,0,1,0,0,0,"1","fast cycle, fast intake"
"2024inpla_qm17",17,"blue","4/0/56196 02:40:00","2024inpla",,-1,-1,"Jack (3494)",461,3,0,0,0,0,0,0,0,0,0,"d",0,1,1,7,3,1,1,0,0,0,3,0,15,"1","0",0,0,1,0,1,0,0,0,0,0,"1",""
"2024inpla_qm17",17,"red","4/0/56196 02:40:00","2024inpla",,-1,-1,"Jiping (3494)",868,3,0,0,0,0,0,1,1,1,0,"a",0,2,1,4,1,1,0,1,0,0,2,0,0,"0","0",0,1,1,0,0,0,1,0,0,0,"2",""
"2024inpla_qm17",17,"red","4/0/56196 02:40:00","2024inpla",,-1,-1,"Jonathan (3940)",1501,3,0,1,1,0,0,0,0,0,0,"b",0,2,1,2,3,1,1,1,0,0,0,0,25,"0","0",0,0,1,0,0,0,1,0,0,0,"3","Tried to trap"
"2024inpla_qm17",17,"blue","4/0/56196 02:40:00","2024inpla",,-1,-1,"Will (3494)",1741,3,0,0,0,0,0,0,0,0,0,"b",0,1,1,0,8,1,0,0,0,0,0,0,0,"4","0",0,0,1,1,1,0,0,0,0,0,"2","shot accuracy on point"
"2024inpla_qm17",17,"blue","4/0/56196 02:40:00","2024inpla",,-1,-1,"Tony (7457)",4982,3,0,1,1,1,0,0,0,0,0,"b",0,3,1,0,0,0,0,0,0,0,0,5,6,"2","0",0,0,1,0,1,0,0,0,0,0,"3",""
"2024inpla_qm18",18,"red","4/5/56196 16:00:00","2024inpla",,-1,-1,"Brianna (829)",447,3,0,0,0,0,0,0,0,0,0,"c",0,1,1,0,5,1,0,0,0,0,0,0,10,"0","0",0,0,1,0,1,0,0,0,0,0,"1","mostly consistent, couple aim problems"
"2024inpla_qm18",18,"blue","4/5/56196 16:00:00","2024inpla",,-1,-1,"Caitlin (461)",1018,3,0,0,1,0,0,0,0,0,0,"c",0,1,1,4,1,1,0,0,0,0,3,0,10,"0","0",0,0,1,0,1,0,0,0,0,0,"1",""
"2024inpla_qm18",18,"red","4/5/56196 16:00:00","2024inpla",,-1,-1,"Jiping (34",2867,4,0,1,0,0,0,0,0,0,0,"b",0,1,0,0,6,0,1,0,0,0,0,0,0,"1","0",0,0,1,0,1,0,0,0,0,0,"2",""
"2024inpla_qm18",18,"red","4/5/56196 16:00:00","2024inpla",,-1,-1,"Jonathan (3940)",3494,4,0,0,0,0,1,0,0,0,0,"c",1,0,1,4,0,0,0,0,0,0,1,0,25,"0","0",0,0,1,0,0,0,0,0,0,0,"3","They were slow and only went for the AMP"
"2024inpla_qm18",18,"blue","4/5/56196 16:00:00","2024inpla",,-1,-1,"Will (3494)",7617,3,0,1,0,0,0,0,0,0,0,"b",0,1,1,3,3,1,0,0,0,0,0,0,20,"1","0",0,0,1,1,1,0,0,0,0,0,"2",""
"2024inpla_qm18",18,"blue","4/5/56196 16:00:00","2024inpla",,-1,-1,"Tony (7457)",9431,4,0,0,0,0,0,0,0,0,0,"d",0,0,1,0,0,0,0,0,0,0,0,3,18,"1","0",0,0,0,1,0,0,0,0,0,0,"3",""
"2024inpla_qm19",19,"blue","4/4/56196 05:20:00","2024inpla",,-1,-1,"Caitlin (461)",829,4,0,0,0,1,0,0,0,0,0,"c",2,0,1,0,1,1,0,0,0,0,0,12,5,"4","0",0,0,1,0,0,0,0,0,0,0,"3",""
"2024inpla_qm19",19,"blue","4/4/56196 05:20:00","2024inpla",,-1,-1,"Will (3494)",1747,4,0,1,0,0,0,0,0,0,0,"a",0,1,1,0,10,1,0,0,0,0,0,0,17,"1","1",0,0,1,0,0,0,0,0,0,0,"1",""
"2024inpla_qm19",19,"blue","4/4/56196 05:20:00","2024inpla",,-1,-1,"Tony (7457)",3940,4,0,1,1,0,0,0,0,0,0,"a",0,0,1,1,3,1,0,0,0,1,2,0,3,"2","2",0,0,1,0,1,0,0,0,0,0,"2","hit stage"
"2024inpla_qm19",19,"red","4/4/56196 05:20:00","2024inpla",,-1,-1,"Brianna (829)",3947,4,1,0,0,0,0,0,0,0,0,"",0,0,0,0,0,0,0,0,0,0,0,0,0,"0","0",0,0,0,0,0,0,0,0,0,0,"0",""
"2024inpla_qm19",19,"red","4/4/56196 05:20:00","2024inpla",,-1,-1,"Jiping (3494)",4008,4,0,0,0,0,0,0,0,0,0,"d",0,0,1,0,0,0,0,0,0,0,0,0,0,"4","0",0,1,0,0,0,1,0,0,0,0,"2",""
"2024inpla_qm19",19,"red","4/4/56196 05:20:00","2024inpla",,-1,-1,"Jonathan (3940)",4485,4,0,0,0,0,0,0,0,0,0,"b",0,0,0,0,0,0,0,0,0,0,0,0,0,"4","0",0,0,1,0,0,0,0,0,0,0,"3","Very slow and shooter was weak"
"2024inpla_qm20",20,"blue","4/2/56196 18:40:00","2024inpla",,-1,-1,"Caitlin (461)",292,4,0,0,0,0,1,0,0,0,0,"b",0,4,1,0,6,1,0,0,0,0,0,0,14,"1","0",0,0,1,0,1,0,0,1,0,0,"1","died for a little"
"2024inpla_qm20",20,"red","4/2/56196 18:40:00","2024inpla",,-1,-1,"Brianna (829)",1501,4,0,1,1,1,0,0,0,0,0,"b",0,4,1,0,0,0,0,0,0,0,0,0,0,"0","0",0,0,0,0,0,0,0,1,0,0,"3","auto fine, stopped little after collecting first teleop note"
"2024inpla_qm20",20,"blue","4/2/56196 18:40:00","2024inpla",,-1,-1,"Will (3494)",3487,4,0,1,0,0,0,0,0,0,0,"a",1,0,0,4,1,1,0,0,0,0,2,0,0,"0","0",0,0,1,1,1,0,0,0,0,0,"3",""
"2024inpla_qm20",20,"red","4/2/56196 18:40:00","2024inpla",,-1,-1,"Jiping (3494)",6721,4,0,0,0,0,0,0,0,0,0,"c",0,0,1,0,5,0,1,0,0,0,0,0,0,"0","0",0,0,1,0,1,0,0,0,0,0,"1",""
"2024inpla_qm20",20,"blue","4/2/56196 18:40:00","2024inpla",,-1,-1,"Tony (7457)",6956,4,0,0,0,0,0,0,0,0,0,"c",0,0,1,0,6,1,0,0,0,0,0,0,0,"4","0",0,0,1,0,1,0,1,0,0,0,"2","human players note fell in the robot"
"2024inpla_qm20",20,"red","4/2/56196 18:40:00","2024inpla",,-1,-1,"Jonathan (3940)",9071,4,0,0,0,0,0,0,0,0,0,"c",0,0,0,0,0,0,0,0,0,0,0,0,0,"0","0",0,0,0,0,0,1,0,0,0,0,"3","Got a note stuck and couldn't shoot. They had to play defense."
"2024inpla_qm21",21,"red","4/1/56196 08:00:00","2024inpla",,-1,-1,"Brianna (829)",234,4,0,0,1,0,0,0,0,0,0,"b",0,2,1,3,6,1,1,1,0,0,0,0,3,"4","0",0,0,1,0,1,0,0,0,0,0,"1","little trouble w/ Amp, great speaker, shoots over defense"
"2024inpla_qm21",21,"blue","4/1/56196 08:00:00","2024inpla",,-1,-1,"Caitlin (461)",3936,4,0,0,1,0,0,0,0,0,0,"c",0,2,1,0,2,1,0,0,0,0,0,0,10,"1","0",0,0,1,0,1,0,0,0,0,0,"1",""
"2024inpla_qm21",21,"red","4/1/56196 08:00:00","2024inpla",,-1,-1,"Jiping (3494)",7477,4,0,0,0,0,0,0,0,0,0,"d",0,0,0,0,3,0,1,0,0,0,0,0,0,"4","0",0,1,1,0,1,0,0,0,0,0,"2",""
"2024inpla_qm21",21,"blue","4/1/56196 08:00:00","2024inpla",,-1,-1,"Will (3494)",7617,4,0,0,1,0,0,0,0,0,0,"b",0,2,1,4,4,1,0,0,0,0,0,0,14,"1","1",0,0,1,1,1,0,0,0,0,0,"1",""
"2024inpla_qm21",21,"red","4/1/56196 08:00:00","2024inpla",,-1,-1,"Jonathan (3940)",8742,4,0,0,0,0,0,0,0,0,0,"a",0,0,0,0,1,1,0,0,0,0,0,0,0,"0","0",0,1,1,0,1,0,1,0,0,0,"3","Tried to shoot into the speak multiple times, but the shooter was too weak."
"2024inpla_qm21",21,"blue","4/1/56196 08:00:00","2024inpla",,-1,-1,"Tony (7457)",9530,4,0,0,0,0,0,0,0,0,0,"d",0,0,0,0,0,0,0,0,0,0,0,1,0,"4","0",0,0,0,1,0,1,0,0,0,0,"3",""
"2024inpla_qm22",22,"red","4/6/56196 21:20:00","2024inpla",,-1,-1,"Brianna (829)",135,4,0,0,0,0,0,0,0,0,0,"b",0,0,1,1,4,1,0,0,0,0,0,0,0,"1","2",0,0,1,1,1,0,0,0,0,0,"2","Very Inaccurate "
"2024inpla_qm22",22,"red","4/6/56196 21:20:00","2024inpla",,-1,-1,"Jiping (3494)",461,4,0,1,0,0,0,0,0,0,0,"a",0,1,1,6,5,1,0,0,0,0,2,0,11,"0","0",0,1,1,1,1,0,0,0,0,0,"1",""
"2024inpla_qm22",22,"blue","4/6/56196 21:20:00","2024inpla",,-1,-1,"Caitlin (461)",1018,4,0,1,0,0,0,0,0,0,0,"c",0,1,0,4,1,1,0,0,0,0,2,0,0,"4","0",0,1,1,0,0,0,0,0,0,0,"1",""
"2024inpla_qm22",22,"red","4/6/56196 21:20:00","2024inpla",,-1,-1,"Jonathan (3940)",3865,4,0,0,0,0,0,0,0,0,0,"c",0,0,1,0,0,0,0,0,0,0,1,3,0,"0","0",0,0,0,0,0,1,0,0,0,0,"3","Only played defense, however they were pretty decent at defense."
"2024inpla_qm22",22,"blue","4/6/56196 21:20:00","2024inpla",,-1,-1,"Will (3494)",3890,4,1,0,0,0,0,0,0,0,0,"a",0,0,0,0,0,0,0,0,0,0,0,0,0,"0","0",0,0,0,0,0,0,0,0,0,0,"0",""
"2024inpla_qm22",22,"blue","4/6/56196 21:20:00","2024inpla",,-1,-1,"Tony (7457)",4580,4,0,0,1,0,0,0,0,0,0,"b",0,1,0,0,0,0,0,0,0,0,0,0,0,"4","0",0,0,1,0,0,0,1,0,0,0,"2",""
"2024inpla_qm23",23,"blue","5/5/56196 10:40:00","2024inpla",,-1,-1,"Aaron (461)",447,4,0,1,0,0,0,0,0,0,0,"c",0,1,1,0,4,1,0,0,0,0,0,0,0,"4","0",0,0,1,0,1,0,0,0,0,0,"3","driver had a bit of trouble near source"
"2024inpla_qm23",23,"red","5/5/56196 10:40:00","2024inpla",,-1,-1,"Ramiyah (6721)",868,4,0,0,1,1,0,0,0,0,0,"b",0,2,1,1,2,1,0,0,0,0,6,0,0,"4","0",0,0,1,1,0,0,0,0,0,0,"2",""
"2024inpla_qm23",23,"red","5/5/56196 10:40:00","2024inpla",,-1,-1,"Alexis",4982,4,0,0,0,1,0,0,0,0,0,"c",0,1,1,5,2,1,0,0,0,0,2,0,0,"0","0",0,0,1,0,1,0,0,0,0,0,"1",""
"2024inpla_qm23",23,"blue","5/5/56196 10:40:00","2024inpla",,-1,-1,"Will (3494)",5010,4,0,0,0,1,0,0,0,0,0,"b",0,0,1,1,4,1,0,1,0,0,1,0,9,"2","0",0,2,1,1,1,0,0,0,0,0,"2",""
"2024inpla_qm23",23,"blue","5/5/56196 10:40:00","2024inpla",,-1,-1,"Tony (7457)",7457,4,0,1,0,0,1,1,1,0,0,"a",0,2,1,6,0,0,0,0,0,1,3,0,10,"1","2",0,2,0,0,0,0,0,0,0,0,"1",""
"2024inpla_qm23",23,"red","5/5/56196 10:40:00","2024inpla",,-1,-1,"Jonathan (3940)",9119,4,0,0,0,0,0,0,0,0,0,"a",0,0,0,0,0,0,0,0,0,0,2,0,0,"0","0",0,0,0,0,0,0,0,1,0,0,"3","Broke and did nothing. Disabled"
"2024inpla_qm24",24,"red","5/4/56196 00:00:00","2024inpla",,-1,-1,"Brianna (829)",234,5,0,0,0,0,0,0,0,0,1,"c",0,2,1,0,6,0,0,1,0,0,0,0,6,"1","0",0,0,1,0,1,0,0,0,0,0,"2","missed one, but range shot good"
"2024inpla_qm24",24,"red","5/4/56196 00:00:00","2024inpla",,-1,-1,"Alexis (7617)",328,4,0,0,0,0,0,0,0,0,0,"a",0,0,0,2,0,0,0,0,0,0,2,0,0,"4","0",0,0,1,0,1,0,1,0,0,0,"3","mobility issues kept unintentionally crashing into other robots including teammates"
"2024inpla_qm24",24,"red","5/4/56196 00:00:00","2024inpla",,-1,-1,"Jonathan (3940)",1501,5,0,1,1,0,1,0,0,0,0,"b",0,4,1,2,4,1,1,1,0,1,2,0,0,"0","0",0,0,1,0,0,0,1,0,0,0,"1","Could have done better, but got in a traffic jam."
"2024inpla_qm24",24,"blue","5/4/56196 00:00:00","2024inpla",,-1,-1,"Aaron (461)",1741,4,0,1,1,1,0,1,0,0,0,"b",0,4,1,0,8,1,0,1,0,0,0,0,0,"4","0",0,0,1,0,1,0,0,0,0,0,"1","great speed and insane speaker"
"2024inpla_qm24",24,"blue","5/4/56196 00:00:00","2024inpla",,-1,-1,"Aviv (3494)",4008,5,0,1,0,0,0,0,0,0,0,"d",0,0,1,0,1,1,0,0,0,0,0,0,0,"0","0",0,0,1,0,0,1,0,0,0,0,"3",""
"2024inpla_qm24",24,"blue","5/4/56196 00:00:00","2024inpla",,-1,-1,"Tony (7457)",6956,5,0,0,0,0,0,0,0,0,0,"c",0,1,1,0,3,1,0,0,0,0,0,0,0,"0","0",0,0,1,0,1,0,0,0,0,0,"2",""
"2024inpla_qm25",25,"red","5/2/56196 13:20:00","2024inpla",,-1,-1,"Brianna (829)",292,5,0,0,1,0,1,1,0,0,0,"b",0,4,1,0,6,1,0,0,0,0,0,0,0,"0","0",0,0,1,1,1,1,1,0,0,0,"1",""
"2024inpla_qm25",25,"red","5/2/56196 13:20:00","2024inpla",,-1,-1,"Alexis (7617)",2867,5,0,0,0,0,0,0,0,0,0,"c",0,1,0,0,4,1,0,0,0,0,0,0,6,"0","0",0,0,1,0,1,0,1,0,0,0,"2","tried to score in all several times, kept failing, has reliable speaker shots"
"2024inpla_qm25",25,"blue","5/2/56196 13:20:00","2024inpla",,-1,-1,"Aaron (461)",3890,5,0,0,0,0,0,0,0,0,0,"a",0,0,0,0,0,0,0,0,0,0,0,0,0,"4","0",0,0,0,0,1,1,0,0,0,0,"2","OK defense"
"2024inpla_qm25",25,"blue","5/2/56196 13:20:00","2024inpla",,-1,-1,"Aviv (3494)",4485,5,0,0,0,0,0,0,0,0,0,"c",0,0,0,0,0,0,0,0,0,0,0,0,0,"0","0",0,0,0,0,1,1,0,0,0,0,"3","got multiple penalties"
"2024inpla_qm25",25,"blue","5/2/56196 13:20:00","2024inpla",,-1,-1,"Tony (7457)",9071,5,0,0,0,0,0,0,0,0,0,"b",0,1,0,0,3,1,0,0,0,0,0,0,0,"0","0",0,0,0,0,0,0,0,0,0,0,"1",""
"2024inpla_qm25",25,"red","5/2/56196 13:20:00","2024inpla",,-1,-1,"Jonathan (3940)",9431,5,0,0,0,0,0,0,0,0,0,"d",0,0,1,0,0,0,0,0,0,0,0,2,0,"0","0",0,0,0,1,0,1,0,0,0,0,"3","They didn't do much of anything. They only passed a couple notes. Floor intake must not have been working."
"2024inpla_qm26",26,"blue","5/1/56196 02:40:00","2024inpla",,-1,-1,"Aaron (461)",1018,5,0,0,1,0,0,0,0,0,0,"b",0,1,1,3,0,0,0,0,0,0,0,0,1,"1","0",0,0,1,0,1,0,0,0,0,0,"1","systems are a bit unreliable "
"2024inpla_qm26",26,"red","5/1/56196 02:40:00","2024inpla",,-1,-1,"Ramiyah (6721)",3487,5,0,0,0,0,0,0,0,0,0,"a",0,0,0,4,2,1,0,0,0,0,0,0,0,"0","0",0,0,1,0,1,0,0,0,0,0,"3","trouble Amp, decent speaker"
"2024inpla_qm26",26,"blue","5/1/56196 02:40:00","2024inpla",,-1,-1,"Aviv (3494)",3865,5,0,0,0,0,0,0,0,0,0,"d",0,0,0,0,0,0,0,0,0,0,0,0,0,"0","0",0,0,0,0,1,1,0,0,0,0,"3",""
"2024inpla_qm26",26,"red","5/1/56196 02:40:00","2024inpla",,-1,-1,"Alexis (7617)",3947,5,0,0,0,0,0,0,0,0,0,"d",0,0,0,0,3,1,0,0,0,0,1,0,15,"0","0",0,0,1,0,0,0,1,0,0,0,"2","lots of mobility issues, drove backwards during auto, kept crashing into walls"
"2024inpla_qm26",26,"red","5/1/56196 02:40:00","2024inpla",,-1,-1,"Jonathan (3940)",5010,5,0,1,1,0,0,0,0,0,0,"b",0,3,1,0,3,1,0,0,0,0,1,0,0,"0","0",0,0,1,0,1,0,1,0,0,0,"1","Could have scored more, but got caught in defense."
"2024inpla_qm26",26,"blue","5/1/56196 02:40:00","2024inpla",,-1,-1,"Tony (7457)",9530,5,0,0,0,0,0,0,0,0,0,"c",0,0,0,0,0,0,0,0,0,0,0,0,0,"4","0",0,0,0,1,0,1,0,0,0,0,"2",""
"2024inpla_qm27",27,"blue","5/6/56196 16:00:00","2024inpla",,-1,-1,"Aaron (461)",328,5,0,0,0,0,0,0,0,0,0,"d",0,0,1,1,0,0,0,0,0,0,0,0,0,"0","0",0,0,1,0,1,0,0,0,0,0,"3","not very fluid"
"2024inpla_qm27",27,"red","5/6/56196 16:00:00","2024inpla",,-1,-1,"Ramiyah (6721)",447,5,0,0,0,0,0,0,0,0,0,"c",0,1,1,0,1,1,0,0,0,0,0,0,0,"0","0",0,0,1,0,1,0,0,1,0,0,"2","unconsistent speaker, unconsistent intake"
"2024inpla_qm27",27,"red","5/6/56196 16:00:00","2024inpla",,-1,-1,"Alexis (7617)",461,5,0,1,0,0,0,0,0,0,0,"a",0,2,1,2,1,0,0,1,0,0,1,0,0,"0","0",0,1,1,0,0,0,0,1,0,0,"1",""
"2024inpla_qm27",27,"blue","5/6/56196 16:00:00","2024inpla",,-1,-1,"Jiping (3494)",3494,5,0,0,0,0,0,1,0,0,0,"b",1,0,0,6,0,0,0,0,0,0,3,1,20,"1","0",0,0,1,0,1,0,0,0,0,0,"2",""
"2024inpla_qm27",27,"blue","5/6/56196 16:00:00","2024inpla",,-1,-1,"Tony (7457)",6721,5,0,0,1,0,0,0,0,0,0,"b",0,1,0,0,6,1,0,0,0,0,0,0,2,"1","0",0,0,1,0,1,0,0,0,0,0,"1",""
"2024inpla_qm27",27,"red","5/6/56196 16:00:00","2024inpla",,-1,-1,"Jonathan (3940)",8742,5,0,0,1,0,0,0,0,0,0,"b",0,2,1,0,0,0,0,0,0,0,1,0,0,"0","0",0,0,0,0,0,0,0,1,0,0,"3","Had an OK auto, but then stopped after that."
"2024inpla_qm28",28,"blue","6/5/56196 05:20:00","2024inpla",,-1,-1,"JiuJiu (461)",135,5,0,0,0,1,0,0,0,0,0,"a",0,2,1,0,4,0,1,1,0,0,0,0,13,"0","0",0,0,1,0,1,0,1,0,0,0,"2",""
"2024inpla_qm28",28,"red","6/5/56196 05:20:00","2024inpla",,-1,-1,"Ramiyah (6721)",868,5,0,0,0,0,0,0,0,0,0,"c",0,0,1,2,3,1,0,0,0,0,0,0,0,"3","0",0,0,1,0,0,0,1,0,0,0,"3",""
"2024inpla_qm28",28,"red","6/5/56196 05:20:00","2024inpla",,-1,-1,"Benjamin (7617)",1747,5,0,0,0,0,0,0,0,0,0,"b",0,1,0,0,5,1,0,0,0,0,0,0,30,"1","0",0,0,1,0,0,0,1,0,0,0,"2",""
"2024inpla_qm28",28,"blue","6/5/56196 05:20:00","2024inpla",,-1,-1,"Jiping (3494)",4982,5,0,0,0,0,0,0,0,0,0,"b",0,1,0,5,2,0,0,0,0,0,2,0,5,"1","0",0,1,1,0,0,0,0,0,0,0,"1",""
"2024inpla_qm28",28,"red","6/5/56196 05:20:00","2024inpla",,-1,-1,"Jonathan (3940)",7457,5,0,1,0,0,1,1,0,0,0,"a",0,4,1,4,2,1,1,1,0,1,3,0,30,"0","0",0,0,1,0,1,0,1,0,0,0,"1","Very fast and good at trap and shooting."
"2024inpla_qm28",28,"blue","6/5/56196 05:20:00","2024inpla",,-1,-1,"Tony (7457)",7477,5,0,0,0,0,0,0,0,0,0,"d",0,0,1,0,0,0,0,0,0,0,0,3,0,"4","0",0,0,1,0,0,1,0,0,0,0,"3",""
"2024inpla_qm29",29,"red","6/3/56196 18:40:00","2024inpla",,-1,-1,"Ramiyah (6721)",829,5,0,1,1,1,0,0,0,0,0,"b",0,2,1,0,3,1,1,0,0,0,1,3,1,"0","0",0,1,1,0,1,0,1,0,0,0,"3","range inconsistent, trouble with speaker blocker"
"2024inpla_qm29",29,"blue","6/3/56196 18:40:00","2024inpla",,-1,-1,"JiuJiu (461)",1741,5,0,0,0,0,0,1,0,0,0,"b",0,3,1,0,9,1,1,1,0,0,0,0,4,"2","0",0,0,1,0,1,0,0,0,0,0,"1",""
"2024inpla_qm29",29,"red","6/3/56196 18:40:00","2024inpla",,-1,-1,"Benjamin (7617)",3936,5,0,0,0,0,0,0,0,0,0,"c",0,1,1,0,2,1,0,0,0,0,0,0,4,"0","0",0,0,1,0,0,0,1,0,0,0,"2","very clunky movement."
"2024inpla_qm29",29,"blue","6/3/56196 18:40:00","2024inpla",,-1,-1,"Jiping (3494)",3940,5,0,0,0,0,0,0,0,0,0,"c",0,1,0,5,2,1,0,0,0,0,2,0,4,"1","0",0,0,1,0,1,0,1,0,0,0,"2",""
"2024inpla_qm29",29,"red","6/3/56196 18:40:00","2024inpla",,-1,-1,"Jonathan (3940)",4580,5,0,0,0,0,0,0,0,0,0,"a",0,0,0,3,0,1,0,0,0,0,1,0,0,"0","0",0,0,1,0,0,0,1,0,0,0,"1","Strong during the first part, but couldn't shoot into the speaker."
"2024inpla_qm29",29,"blue","6/3/56196 18:40:00","2024inpla",,-1,-1,"Jiping (3494)",9119,5,0,0,0,0,0,0,0,0,0,"d",0,0,0,0,0,0,0,0,0,0,0,1,10,"1","0",0,0,0,0,0,1,0,0,0,0,"3",""
"2024inpla_qm30",30,"red","6/2/56196 08:00:00","2024inpla",,-1,-1,"Ramiyah (6721)",1501,6,0,1,0,1,0,0,0,0,0,"b",0,3,1,0,3,1,0,0,1,0,5,0,0,"1","1",0,0,1,0,0,0,0,0,0,0,"0",""
"2024inpla_qm30",30,"blue","6/2/56196 08:00:00","2024inpla",,-1,-1,"JiuJiu (461)",3494,6,0,0,1,0,0,0,0,0,0,"c",1,0,1,7,0,0,0,0,0,0,2,1,7,"2","0",0,0,1,0,1,0,0,0,0,0,"1",""
"2024inpla_qm30",30,"red","6/2/56196 08:00:00","2024inpla",,-1,-1,"Benjamin (7617)",4008,6,0,0,0,0,0,0,0,0,0,"d",0,0,1,0,0,0,0,0,0,0,0,0,0,"4","0",0,0,0,0,0,1,0,0,0,0,"3",""
"2024inpla_qm30",30,"red","6/2/56196 08:00:00","2024inpla",,-1,-1,"Jonathan (3940)",7617,5,0,0,0,0,0,0,0,0,0,"a",0,0,0,3,3,1,0,0,0,0,2,0,10,"0","0",0,0,1,1,1,0,1,0,0,0,"1","Good."
"2024inpla_qm30",30,"blue","6/2/56196 08:00:00","2024inpla",,-1,-1,"Jiping (3494)",8742,6,0,0,1,0,0,0,0,0,0,"b",0,1,1,0,4,1,0,0,0,0,0,0,15,"1","0",0,0,1,0,1,0,1,0,0,0,"2",""
"2024inpla_qm30",30,"blue","6/2/56196 08:00:00","2024inpla",,-1,-1,"Tony (7457)",9431,6,0,0,0,0,0,0,0,0,0,"d",0,0,1,0,0,0,0,0,0,0,0,0,6,"2","2",0,0,0,0,0,1,0,0,0,0,"3",""
"2024inpla_qm31",31,"red","6/0/56196 21:20:00","2024inpla",,-1,-1,"Ramiyah (6721)",461,6,0,0,1,0,0,0,0,0,0,"a",0,1,1,5,2,1,0,0,0,0,2,0,8,"1","0",0,0,1,0,1,0,0,0,0,0,"2",""
"2024inpla_qm31",31,"blue","6/0/56196 21:20:00","2024inpla",,-1,-1,"JiuJiu (461)",2867,6,0,1,0,0,0,0,0,0,0,"c",0,1,1,0,4,1,0,0,0,0,0,0,0,"0","0",0,0,1,0,0,0,0,1,0,0,"3",""
"2024inpla_qm31",31,"red","6/0/56196 21:20:00","2024inpla",,-1,-1,"Benjamin (7617)",3487,6,0,0,0,0,0,0,0,0,0,"b",0,0,1,0,9,1,0,0,0,0,0,0,0,"4","0",0,0,1,0,1,0,0,0,0,0,"1","great efficiency, not even considering that they're a tank bot"
"2024inpla_qm31",31,"blue","6/0/56196 21:20:00","2024inpla",,-1,-1,"Jiping (3494)",4982,6,0,0,1,0,0,0,0,0,0,"b",0,1,0,5,0,0,0,0,0,0,1,0,19,"1","0",0,1,1,0,1,0,0,0,0,0,"1",""
"2024inpla_qm31",31,"blue","6/0/56196 21:20:00","2024inpla",,-1,-1,"Tony (7457)",6956,6,0,1,0,0,0,0,0,0,0,"a",0,1,0,0,4,1,0,0,0,0,0,0,1,"1","1",0,0,1,0,1,0,0,0,0,0,"2","small black object fell off when hit"
"2024inpla_qm31",31,"red","6/0/56196 21:20:00","2024inpla",,-1,-1,"Jonathan (3940)",9530,6,0,0,0,0,0,0,0,0,0,"c",0,0,0,0,0,0,0,0,0,0,2,0,0,"0","0",0,0,0,1,0,0,0,1,0,0,"3","Kept stopping underneath the source."
"2024inpla_qm32",32,"blue","6/6/56196 10:40:00","2024inpla",,-1,-1,"Jake",868,6,0,1,1,0,0,1,0,0,0,"b",0,4,0,3,2,1,1,1,0,0,1,0,0,"0","0",0,0,1,1,0,0,0,0,0,0,"1",""
"2024inpla_qm32",32,"red","6/6/56196 10:40:00","2024inpla",,-1,-1,"Ramiyah (6721)",1747,6,0,1,0,0,0,0,0,0,0,"a",0,0,1,1,10,1,0,0,0,0,0,0,2,"3","0",0,0,1,0,1,0,0,0,0,0,"1",""
"2024inpla_qm32",32,"blue","6/6/56196 10:40:00","2024inpla",,-1,-1,"Jiping (3494)",3865,6,0,0,0,0,0,0,0,0,0,"d",0,0,1,0,2,0,0,0,0,0,0,2,0,"4","0",0,0,1,0,1,1,0,0,0,0,"2",""
"2024inpla_qm32",32,"blue","6/6/56196 10:40:00","2024inpla",,-1,-1,"Tony (7457)",6721,6,0,0,0,0,0,0,0,0,0,"c",0,0,1,0,5,1,0,0,0,0,0,0,6,"0","0",0,0,1,0,0,0,0,0,0,0,"3",""
"2024inpla_qm32",32,"red","6/6/56196 10:40:00","2024inpla",,-1,-1,"Benjamin (7617)",9071,6,0,0,0,0,0,0,0,0,0,"b",0,0,0,0,0,0,0,0,0,0,0,0,0,"4","0",0,0,0,0,0,1,0,0,0,0,"3",""
"2024inpla_qm32",32,"red","6/6/56196 10:40:00","2024inpla",,-1,-1,"Jonathan (3940)",9119,6,0,0,0,0,0,0,0,0,0,"d",0,0,1,0,0,0,0,0,0,0,0,0,0,"0","0",0,0,0,1,0,1,0,0,0,0,"2","Did nothing but try and block opponents shots."
"2024inpla_qm33",33,"blue","6/5/56196 00:00:00","2024inpla",,-1,-1,"Jake",234,6,0,0,0,0,0,0,0,0,0,"c",0,1,1,1,2,1,0,0,0,0,0,0,0,"0","0",0,0,1,0,0,0,0,1,0,1,"1",""
"2024inpla_qm33",33,"red","6/5/56196 00:00:00","2024inpla",,-1,-1,"Ramiyah (6721)",292,6,0,1,1,1,0,0,0,0,0,"b",0,3,1,1,5,1,0,0,0,0,0,0,0,"0","0",0,0,1,0,1,0,0,1,0,0,"1",""
"2024inpla_qm33",33,"red","6/5/56196 00:00:00","2024inpla",,-1,-1,"Benjamin (7617)",1018,6,0,0,0,0,0,0,0,0,0,"c",0,1,0,3,1,1,0,0,0,0,1,0,9,"1","0",0,0,1,0,0,0,0,0,0,0,"2",""
"2024inpla_qm33",33,"blue","6/5/56196 00:00:00","2024inpla",,-1,-1,"Jiping (3494)",3936,6,0,0,0,0,0,0,0,0,0,"a",0,1,0,0,0,0,0,0,0,0,0,0,0,"4","0",0,0,0,0,1,1,0,0,0,0,"3",""
"2024inpla_qm33",33,"blue","6/5/56196 00:00:00","2024inpla",,-1,-1,"Tony (7457)",3940,6,0,0,0,0,0,0,0,0,0,"b",0,0,0,0,0,0,0,0,0,0,2,0,0,"4","0",0,0,0,0,0,1,1,0,0,0,"2",""
"2024inpla_qm33",33,"red","6/5/56196 00:00:00","2024inpla",,-1,-1,"Jonathan (3940)",7477,6,0,0,0,0,0,0,0,0,0,"d",0,0,1,0,1,1,0,0,0,0,2,3,0,"0","0",0,0,1,0,0,0,0,0,0,0,"3","Really only tried to pass."
"2024inpla_qm34",34,"blue","7/3/56196 13:20:00","2024inpla",,-1,-1,"Elvis (4982)",135,6,0,0,1,0,0,0,1,0,0,"b",0,2,0,0,9,0,0,1,0,0,0,0,0,"0","0",0,0,1,0,0,0,0,0,0,0,"1",""
"2024inpla_qm34",34,"blue","7/3/56196 13:20:00","2024inpla",,-1,-1,"Jiping (3494)",328,6,0,0,0,0,0,0,0,0,0,"a",0,0,0,3,0,0,0,0,0,0,1,0,0,"0","0",0,0,1,0,0,0,0,1,0,0,"2","Did not function for a while"
"2024inpla_qm34",34,"red","7/3/56196 13:20:00","2024inpla",,-1,-1,"Ramiyah (6721)",829,6,0,0,1,1,1,0,0,0,0,"c",0,0,1,0,7,1,1,0,0,0,0,4,3,"4","0",0,0,1,0,1,1,0,0,0,0,"2",""
"2024inpla_qm34",34,"blue","7/3/56196 13:20:00","2024inpla",,-1,-1,"Tony (7457)",4580,6,0,0,0,0,0,0,0,0,0,"c",0,0,0,0,1,1,0,0,0,0,0,0,0,"0","0",0,0,1,0,0,0,0,0,0,0,"3",""
"2024inpla_qm34",34,"red","7/3/56196 13:20:00","2024inpla",,-1,-1,"Sam(7617)",7457,6,0,1,0,0,1,1,1,0,0,"a",0,3,1,4,3,0,0,1,0,1,2,0,28,"1","0",0,0,1,1,1,0,0,0,0,0,"1",""
"2024inpla_qm34",34,"red","7/3/56196 13:20:00","2024inpla",,-1,-1,"Jonathan (3940)",7617,6,0,0,1,0,0,0,0,0,0,"b",0,2,1,2,2,1,0,0,0,0,2,0,0,"0","0",0,0,1,1,0,0,0,0,0,0,"3",""
"2024inpla_qm35",35,"blue","7/2/56196 02:40:00","2024inpla",,-1,-1,"Elvis (4982)",447,6,0,0,0,0,0,0,0,0,0,"c",0,1,0,0,3,0,0,1,0,0,0,0,0,"0","0",0,0,1,0,0,0,0,1,0,0,"1",""
"2024inpla_qm35",35,"red","7/2/56196 02:40:00","2024inpla",,-1,-1,"Ramiyah (6721)",1741,6,0,0,1,1,0,0,0,0,0,"b",0,2,1,0,5,1,1,0,0,0,0,0,4,"1","0",0,0,1,0,1,1,1,0,0,0,"2",""
"2024inpla_qm35",35,"blue","7/2/56196 02:40:00","2024inpla",,-1,-1,"Jiping (3494)",3890,6,0,0,0,0,0,0,0,0,0,"a",0,0,0,0,0,0,0,0,0,0,0,0,0,"4","0",0,0,0,0,0,1,0,0,0,0,"3",""
"2024inpla_qm35",35,"blue","7/2/56196 02:40:00","2024inpla",,-1,-1,"Tony (7457)",3947,6,0,0,0,0,0,0,0,0,0,"d",0,0,0,0,2,1,0,0,0,0,0,0,0,"4","0",0,0,1,0,0,0,1,0,0,0,"2",""
"2024inpla_qm35",35,"red","7/2/56196 02:40:00","2024inpla",,-1,-1,"Sam(7617)",4485,6,0,0,0,0,0,0,0,0,0,"a",0,0,0,0,0,0,0,0,0,0,0,0,4,"4","0",0,0,0,1,0,1,0,0,0,0,"3","defence was mid"
"2024inpla_qm35",35,"red","7/2/56196 02:40:00","2024inpla",,-1,-1,"Jonathan (3940)",5010,6,0,0,0,0,0,0,1,0,0,"c",0,2,1,0,7,1,1,1,0,0,0,0,0,"0","0",0,0,1,0,1,0,1,0,0,0,"1","Good at speaker shooting"
"2024inpla_qm36",36,"blue","7/0/56196 16:00:00","2024inpla",,-1,-1,"Elvis (4982)",461,7,0,0,0,0,0,0,1,1,0,"d",0,3,0,0,2,0,0,1,0,0,0,4,0,"0","0",0,0,1,0,0,0,0,0,0,0,"2","Agile"
"2024inpla_qm36",36,"blue","7/0/56196 16:00:00","2024inpla",,-1,-1,"Jiping (3494)",3494,7,0,1,0,0,1,1,0,0,0,"a",1,0,1,4,0,0,0,0,0,1,0,1,20,"1","0",0,0,1,0,1,0,1,0,0,0,"1",""
"2024inpla_qm36",36,"blue","7/0/56196 16:00:00","2024inpla",,-1,-1,"Tony (7457)",3940,7,0,1,0,0,1,0,0,0,0,"b",2,0,0,4,0,1,0,0,0,1,2,0,7,"1","2",0,0,1,0,1,0,0,0,0,0,"3",""
"2024inpla_qm36",36,"red","7/0/56196 16:00:00","2024inpla",,-1,-1,"Dalton(829)",4982,7,0,0,1,1,0,1,0,0,0,"a",0,1,1,4,0,0,0,0,0,0,1,0,5,"2","0",0,0,1,0,1,0,1,0,0,0,"1",""
"2024inpla_qm36",36,"red","7/0/56196 16:00:00","2024inpla",,-1,-1,"Sam(7617)",8742,7,0,1,1,0,0,0,0,0,0,"b",0,1,1,0,2,1,0,0,0,0,1,0,0,"0","0",0,0,0,1,0,0,0,1,0,0,"3","dead for most of game"
"2024inpla_qm36",36,"red","7/0/56196 16:00:00","2024inpla",,-1,-1,"Jonathan (3940)",9071,7,0,0,0,0,0,0,0,0,0,"c",0,0,0,2,1,1,0,0,0,0,1,0,0,"0","0",0,0,1,0,1,0,0,0,0,0,"2","didn't do much"
"2024inpla_qm37",37,"blue","7/6/56196 05:20:00","2024inpla",,-1,-1,"Anwesha (4982)",829,7,0,1,1,1,0,0,0,0,0,"b",0,3,0,2,3,1,0,1,0,0,0,0,0,"0","0",0,0,1,0,1,1,0,0,0,0,"3","Very hesitant... Works well but the drivers don't use it well"
"2024inpla_qm37",37,"blue","7/6/56196 05:20:00","2024inpla",,-1,-1,"Jiping (3494)",2867,7,0,0,0,0,0,0,0,0,0,"c",0,1,0,0,8,0,0,0,0,0,0,0,5,"1","1",0,0,1,0,1,1,0,0,0,0,"2",""
"2024inpla_qm37",37,"blue","7/6/56196 05:20:00","2024inpla",,-1,-1,"Tony (7457)",3865,7,0,0,0,0,0,0,0,0,0,"d",0,0,0,0,0,0,0,0,0,0,0,0,1,"1","1",0,0,0,0,0,1,0,0,0,0,"1",""
"2024inpla_qm37",37,"red","7/6/56196 05:20:00","2024inpla",,-1,-1,"Dalton(829)",3936,7,0,0,0,1,0,0,0,0,0,"b",0,2,1,0,3,1,0,0,0,0,0,0,0,"2","1",0,0,1,0,1,1,0,0,0,0,"2",""
"2024inpla_qm37",37,"red","7/6/56196 05:20:00","2024inpla",,-1,-1,"Sam(7617)",6721,7,0,0,0,0,0,0,0,0,0,"c",0,1,1,2,2,1,0,0,0,0,0,0,20,"1","0",0,0,1,1,1,0,1,0,0,0,"1",""
"2024inpla_qm37",37,"red","7/6/56196 05:20:00","2024inpla",,-1,-1,"Jonas (3940)",6956,7,0,0,0,0,0,0,0,0,0,"a",0,1,0,0,1,1,0,0,0,0,0,0,0,"0","0",0,0,0,0,0,0,0,1,0,0,"3","drove around then died near subwoofer / Amp area"
"2024inpla_qm38",38,"blue","7/4/56196 18:40:00","2024inpla",,-1,-1,"Elvis (4982)",868,7,0,1,1,1,1,1,0,0,0,"b",0,6,0,1,0,0,0,1,0,0,0,0,0,"0","0",0,0,1,0,0,0,0,1,0,0,"2","Immaculate Auto"
"2024inpla_qm38",38,"red","7/4/56196 18:40:00","2024inpla",,-1,-1,"Dalton(829)",1741,7,0,0,1,0,0,0,0,0,0,"b",0,1,1,0,3,1,0,0,0,0,0,0,20,"1","1",0,0,1,0,1,0,0,0,0,0,"3",""
"2024inpla_qm38",38,"red","7/4/56196 18:40:00","2024inpla",,-1,-1,"Sam(7617)",3890,7,0,0,0,0,0,0,0,0,0,"d",0,0,0,0,0,0,0,0,0,0,1,0,0,"0","0",0,0,0,0,1,1,0,0,0,0,"2","didn't park, Carmel hit them and fell apart"
"2024inpla_qm38",38,"red","7/4/56196 18:40:00","2024inpla",,-1,-1,"Jonas (3940)",7457,7,0,0,0,0,1,0,0,0,0,"a",0,2,1,6,2,1,0,0,0,1,1,0,13,"0","1",0,0,1,0,1,0,0,0,0,0,"1",""
"2024inpla_qm38",38,"blue","7/4/56196 18:40:00","2024inpla",,-1,-1,"Jiping (3494)",7477,7,0,0,0,0,0,0,0,0,0,"d",0,1,0,0,2,0,0,0,0,0,0,0,21,"1","0",0,0,1,0,1,0,1,0,0,0,"1",""
"2024inpla_qm38",38,"blue","7/4/56196 18:40:00","2024inpla",,-1,-1,"Tony (7457)",9530,7,0,0,0,0,0,0,0,0,0,"c",0,0,0,0,0,0,0,0,0,0,0,0,0,"4","0",0,0,0,1,0,0,1,0,0,0,"3",""
"2024inpla_qm39",39,"red","7/3/56196 08:00:00","2024inpla",,-1,-1,"Dalton(829)",292,7,0,0,0,0,0,0,0,1,1,"c",0,0,1,0,8,1,0,0,0,0,0,0,0,"0","0",0,0,1,0,1,1,0,0,0,1,"3",""
"2024inpla_qm39",39,"blue","7/3/56196 08:00:00","2024inpla",,-1,-1,"Elvis (4982)",1747,7,0,0,0,0,0,0,0,0,0,"c",0,0,0,0,7,1,0,0,0,0,0,0,13,"1","0",0,0,1,0,0,0,0,0,0,0,"1",""
"2024inpla_qm39",39,"blue","7/3/56196 08:00:00","2024inpla",,-1,-1,"Jiping (3494)",3947,7,1,0,0,0,0,0,0,0,0,"",0,0,0,0,0,0,0,0,0,0,1,0,0,"0","0",0,0,0,0,0,0,0,0,0,0,"0",""
"2024inpla_qm39",39,"blue","7/3/56196 08:00:00","2024inpla",,-1,-1,"Tony (7457)",4580,7,0,0,1,0,0,0,0,0,0,"b",0,0,0,1,1,0,0,0,0,0,0,0,0,"0","0",0,0,1,0,0,0,0,0,0,0,"2",""
"2024inpla_qm39",39,"red","7/3/56196 08:00:00","2024inpla",,-1,-1,"Sam(7617)",5010,7,0,0,1,1,0,0,0,0,0,"b",0,3,1,0,8,1,0,1,0,0,2,0,0,"0","0",0,0,0,1,1,0,0,0,0,0,"1",""
"2024inpla_qm39",39,"red","7/3/56196 08:00:00","2024inpla",,-1,-1,"Jonas (3940)",7617,7,0,0,0,0,0,0,0,0,0,"a",0,0,0,3,3,1,0,0,0,0,2,0,5,"0","0",0,0,0,1,1,0,0,0,0,0,"2",""
"2024inpla_qm40",40,"red","8/1/56196 21:20:00","2024inpla",,-1,-1,"Dalton(829)",328,7,0,0,0,0,0,0,0,0,0,"a",0,0,0,2,0,0,0,0,0,0,1,0,0,"0","0",0,0,1,0,1,1,0,0,0,0,"1",""
"2024inpla_qm40",40,"blue","8/1/56196 21:20:00","2024inpla",,-1,-1,"Elvis (4982)",447,7,0,0,0,0,0,0,0,0,0,"c",0,1,1,0,3,0,1,0,0,0,0,0,0,"0","0",0,0,1,0,0,0,0,0,0,0,"2",""
"2024inpla_qm40",40,"blue","8/1/56196 21:20:00","2024inpla",,-1,-1,"Jiping (3494)",1018,7,0,0,0,0,0,0,0,0,0,"a",0,0,0,4,1,1,0,0,0,0,2,0,0,"4","0",0,0,1,0,1,0,1,0,0,0,"3",""
"2024inpla_qm40",40,"blue","8/1/56196 21:20:00","2024inpla",,-1,-1,"Tony (7457)",1501,7,0,1,1,1,1,0,0,0,0,"b",0,3,1,1,6,1,0,0,0,1,0,0,3,"1","0",0,0,1,0,0,0,1,0,0,0,"1",""
"2024inpla_qm40",40,"red","8/1/56196 21:20:00","2024inpla",,-1,-1,"Sam(7617)",4008,7,0,0,0,0,0,0,0,0,0,"c",0,0,0,0,0,0,0,0,0,0,1,0,2,"4","0",0,0,0,0,0,1,0,0,0,0,"3","wack drivetrain"
"2024inpla_qm40",40,"red","8/1/56196 21:20:00","2024inpla",,-1,-1,"Jonas (3940)",9431,7,0,0,0,0,0,0,0,0,0,"d",0,0,1,0,0,1,0,0,0,0,1,0,30,"0","0",0,0,0,1,1,1,0,0,0,0,"2",""
"2024inpla_qm41",41,"red","8/0/56196 10:40:00","2024inpla",,-1,-1,"Dalton(829)",135,7,0,1,0,0,0,0,0,0,0,"a",0,1,0,0,3,0,1,0,0,0,0,0,0,"0","0",0,0,1,0,1,0,1,0,0,0,"1","aggressive "
"2024inpla_qm41",41,"red","8/0/56196 10:40:00","2024inpla",,-1,-1,"Sam(7617)",234,7,0,0,1,0,0,0,0,0,0,"b",0,2,1,2,1,1,1,0,0,0,0,0,0,"0","0",0,0,1,0,0,1,0,0,0,1,"3","hung on other alliance "
"2024inpla_qm41",41,"blue","8/0/56196 10:40:00","2024inpla",,-1,-1,"Elvis (4982)",868,8,0,1,1,1,1,1,0,0,0,"b",0,1,1,1,0,0,0,0,0,0,0,0,0,"0","0",0,0,1,0,0,0,0,1,0,0,"1",""
"2024inpla_qm41",41,"blue","8/0/56196 10:40:00","2024inpla",,-1,-1,"Jiping (3494)",3487,7,0,0,0,0,0,0,0,0,0,"a",1,0,0,1,4,1,0,0,0,0,1,0,0,"4","0",0,0,1,0,1,0,1,0,0,0,"2",""
"2024inpla_qm41",41,"blue","8/0/56196 10:40:00","2024inpla",,-1,-1,"Nathan (7457)",4485,7,0,0,0,0,0,0,0,0,0,"c",0,0,0,0,1,1,0,0,0,0,1,0,0,"0","0",0,0,0,1,1,1,0,0,0,0,"3",""
"2024inpla_qm41",41,"red","8/0/56196 10:40:00","2024inpla",,-1,-1,"Jonas (3940)",9119,7,0,0,0,0,0,0,0,0,0,"d",0,0,1,0,0,0,0,0,0,0,0,0,10,"0","1",0,0,0,0,0,1,1,0,0,0,"3",""
"2024inpla_qm42",42,"red","8/6/56196 00:00:00","2024inpla",,-1,-1,"Baileigh (829)",1741,8,0,0,0,0,0,0,0,0,0,"b",0,0,0,0,4,0,0,1,0,0,0,0,4,"2","2",0,0,1,0,0,0,0,1,0,0,"3",""
"2024inpla_qm42",42,"red","8/6/56196 00:00:00","2024inpla",,-1,-1,"Gillian (7617)",3494,8,0,0,0,0,1,0,0,0,0,"a",1,0,1,7,0,0,0,0,0,0,2,0,2,"0","0",0,0,1,0,1,0,1,0,0,0,"2","pretty fast, can only score amp and trap"
"2024inpla_qm42",42,"blue","8/6/56196 00:00:00","2024inpla",,-1,-1,"Anwesha (4982)",3865,8,0,0,0,0,0,0,0,0,0,"d",0,0,0,0,0,0,0,0,0,0,0,3,0,"0","0",0,0,0,0,1,1,0,0,0,0,"3","Only did defense, but wasn't outside good at it... Pushed notes to their team and had only one climberin the middle"
"2024inpla_qm42",42,"blue","8/6/56196 00:00:00","2024inpla",,-1,-1,"Jiping (3494)",5010,8,0,1,1,0,0,0,0,0,0,"b",0,2,1,1,6,1,0,0,0,0,0,0,0,"4","0",0,0,1,0,0,0,1,0,0,0,"1",""
"2024inpla_qm42",42,"red","8/6/56196 00:00:00","2024inpla",,-1,-1,"Jonas (3940)",7617,8,0,0,0,0,0,0,0,0,0,"d",0,0,0,0,1,1,0,0,0,0,2,0,0,"1","2",0,0,1,1,0,1,0,0,0,0,"1",""
"2024inpla_qm42",42,"blue","8/6/56196 00:00:00","2024inpla",,-1,-1,"Nathan (7457)",9071,8,0,0,0,0,0,0,0,0,0,"c",0,0,0,0,3,1,0,0,0,0,0,0,10,"1","0",0,0,1,0,1,0,0,0,0,0,"2","Their climb hook broke and couldn't climb"
"2024inpla_qm43",43,"red","8/4/56196 13:20:00","2024inpla",,-1,-1,"Baileigh (829)",461,8,0,1,0,0,0,0,0,0,0,"d",0,1,1,5,3,1,0,1,1,0,1,0,0,"0","0",0,0,1,0,1,0,0,0,0,0,"2",""
"2024inpla_qm43",43,"red","8/4/56196 13:20:00","2024inpla",,-1,-1,"Gillian (7617)",829,8,0,1,1,1,0,0,0,0,0,"b",0,4,1,0,6,1,0,0,0,0,3,0,7,"1","0",0,0,1,0,1,0,1,0,0,0,"1","consistent, good auto "
"2024inpla_qm43",43,"red","8/4/56196 13:20:00","2024inpla",,-1,-1,"Jonas (3940)",3890,8,0,0,0,0,0,0,0,0,0,"a",0,0,0,1,0,0,0,0,0,0,3,0,0,"0","0",0,0,0,0,0,1,0,0,0,0,"3",""
"2024inpla_qm43",43,"blue","8/4/56196 13:20:00","2024inpla",,-1,-1,"Anwesha (4982)",3936,8,0,1,0,0,0,0,0,0,0,"c",0,1,1,0,2,1,0,0,0,0,0,0,37,"4","0",0,0,1,0,1,1,0,0,0,0,"2","did decent,  but doesn't pick up notes very well... "
"2024inpla_qm43",43,"blue","8/4/56196 13:20:00","2024inpla",,-1,-1,"Jiping (3494)",4008,8,0,0,0,0,0,0,0,0,0,"d",0,0,1,0,0,0,0,0,0,0,0,0,0,"4","0",0,0,0,0,0,1,0,0,0,0,"3",""
"2024inpla_qm43",43,"blue","8/4/56196 13:20:00","2024inpla",,-1,-1,"Nathan (7457)",7457,8,0,1,0,0,1,0,1,0,0,"a",0,4,1,4,3,0,0,1,0,1,1,0,35,"2","0",0,0,1,0,1,0,0,0,0,0,"1",""
"2024inpla_qm44",44,"blue","8/3/56196 02:40:00","2024inpla",,-1,-1,"Anwesha (4982)",135,8,0,1,1,1,0,0,0,0,0,"b",0,4,0,0,5,0,0,1,0,0,0,0,0,"4","0",0,0,1,0,0,0,1,0,0,0,"1","Shot much more often but missed a third of them at least..."
"2024inpla_qm44",44,"red","8/3/56196 02:40:00","2024inpla",,-1,-1,"Baileigh (829)",328,8,0,0,0,0,0,0,0,0,0,"d",0,0,1,5,0,0,0,0,0,0,0,0,0,"0","0",0,0,1,1,1,0,0,0,0,0,"2",""
"2024inpla_qm44",44,"red","8/3/56196 02:40:00","2024inpla",,-1,-1,"Gillian (7617)",4485,8,0,0,0,0,0,0,0,0,0,"d",0,0,1,0,0,0,0,0,0,0,2,0,0,"4","0",0,1,0,1,0,1,0,0,0,0,"3","drove around aimlessly, played defense when given opportunity "
"2024inpla_qm44",44,"red","8/3/56196 02:40:00","2024inpla",,-1,-1,"Jonas (3940)",4982,8,0,0,0,0,0,0,0,0,0,"b",0,1,1,0,7,1,0,0,0,0,2,0,14,"0","0",0,1,1,0,1,0,0,0,0,0,"1",""
"2024inpla_qm44",44,"blue","8/3/56196 02:40:00","2024inpla",,-1,-1,"Jiping (3494)",6721,8,0,0,0,0,0,0,0,0,0,"c",0,0,1,0,0,0,0,0,0,0,0,0,11,"1","0",0,0,1,0,0,1,1,1,0,0,"3",""
"2024inpla_qm44",44,"blue","8/3/56196 02:40:00","2024inpla",,-1,-1,"Nathan (7457)",9530,8,0,0,0,0,0,0,0,0,0,"d",0,0,0,0,0,0,0,0,0,0,0,0,0,"4","0",0,0,1,0,0,1,1,0,0,0,"2",""
"2024inpla_qm45",45,"red","9/1/56196 16:00:00","2024inpla",,-1,-1,"Baileigh (829)",234,8,0,0,0,0,0,0,0,0,0,"c",0,0,0,0,7,0,0,0,0,0,0,0,0,"0","0",0,0,1,1,0,0,0,0,0,0,"2",""
"2024inpla_qm45",45,"red","9/1/56196 16:00:00","2024inpla",,-1,-1,"Gillian (7617)",1018,8,0,0,1,0,0,0,0,0,0,"b",0,1,1,3,3,1,0,0,0,0,1,0,0,"4","0",0,0,1,0,1,0,0,0,0,0,"3",""
"2024inpla_qm45",45,"blue","9/1/56196 16:00:00","2024inpla",,-1,-1,"Anwesha (4982)",3947,8,1,0,0,0,0,0,0,0,0,"",0,0,0,0,0,0,0,0,0,0,0,0,0,"0","0",0,0,0,0,0,0,0,0,0,0,"0",""
"2024inpla_qm45",45,"red","9/1/56196 16:00:00","2024inpla",,-1,-1,"Jonas (3940)",6956,8,0,0,0,0,0,0,0,0,0,"a",0,1,0,0,6,1,0,0,0,0,1,0,4,"0","0",0,0,1,0,0,0,0,0,0,0,"1",""
"2024inpla_qm45",45,"blue","9/1/56196 16:00:00","2024inpla",,-1,-1,"Jiping (3494)",9119,8,0,1,0,0,0,0,0,0,0,"a",0,0,1,2,0,0,0,0,0,0,0,0,0,"4","0",0,0,0,1,0,1,0,0,0,0,"2",""
"2024inpla_qm45",45,"blue","9/1/56196 16:00:00","2024inpla",,-1,-1,"Nathan (7457)",9431,8,0,0,0,0,0,0,0,0,0,"d",0,0,1,0,1,1,0,0,0,0,0,0,0,"4","0",0,0,0,1,0,0,0,0,0,0,"1",""
"2024inpla_qm46",46,"red","9/0/56196 05:20:00","2024inpla",,-1,-1,"Baileigh (829)",1501,8,0,1,0,0,0,0,0,0,0,"b",0,2,0,2,4,1,0,0,0,1,0,0,9,"1","0",0,0,1,1,0,0,1,0,0,0,"1",""
"2024inpla_qm46",46,"red","9/0/56196 05:20:00","2024inpla",,-1,-1,"Gillian (7617)",2867,8,0,0,0,0,0,0,0,0,0,"c",0,0,1,0,5,1,0,0,0,0,0,0,9,"1","0",0,0,1,0,1,0,0,0,0,0,"2",""
"2024inpla_qm46",46,"blue","9/0/56196 05:20:00","2024inpla",,-1,-1,"Anwesha (4982)",3487,8,0,0,0,0,0,0,0,0,0,"a",0,0,0,3,1,1,0,1,0,0,3,0,0,"4","0",0,0,1,0,1,0,0,0,0,0,"2","struggles a bit with positioning but shoots decently"
"2024inpla_qm46",46,"blue","9/0/56196 05:20:00","2024inpla",,-1,-1,"Jiping (3494)",3940,8,0,0,1,1,0,0,0,0,0,"b",0,3,1,5,4,1,1,1,0,0,0,1,0,"4","0",0,0,1,0,1,1,1,0,0,0,"1",""
"2024inpla_qm46",46,"red","9/0/56196 05:20:00","2024inpla",,-1,-1,"Jonas (3940)",4580,8,0,0,0,0,0,0,0,0,0,"a",0,1,0,0,0,0,0,0,0,0,0,3,0,"0","0",0,0,1,0,0,0,0,0,0,0,"3",""
"2024inpla_qm46",46,"blue","9/0/56196 05:20:00","2024inpla",,-1,-1,"Nathan (7457)",8742,8,0,0,0,0,0,0,0,0,0,"c",0,0,0,0,1,1,0,0,0,0,3,0,15,"1","0",0,0,1,0,1,1,0,0,0,0,"3",""
"2024inpla_qm47",47,"blue","9/5/56196 18:40:00","2024inpla",,-1,-1,"Anwesha (4982)",292,8,0,0,0,0,0,0,0,0,1,"c",0,2,1,0,9,1,0,0,0,0,0,0,6,"2","1",0,0,1,0,0,0,0,0,0,0,"1","Very speedy cycles back and forth... also uses single climber"
"2024inpla_qm47",47,"blue","9/5/56196 18:40:00","2024inpla",,-1,-1,"Jiping (3494)",447,8,0,0,0,0,0,0,0,0,0,"a",0,1,0,0,3,1,0,0,0,0,0,0,32,"2","1",0,0,1,0,1,0,1,0,0,0,"3",""
"2024inpla_qm47",47,"red","9/5/56196 18:40:00","2024inpla",,-1,-1,"Baileigh (829)",461,9,0,0,0,0,0,0,0,0,0,"c",0,1,0,6,1,0,0,0,0,0,3,0,7,"2","0",0,1,1,1,1,0,0,0,0,0,"2",""
"2024inpla_qm47",47,"blue","9/5/56196 18:40:00","2024inpla",,-1,-1,"Nathan (7457)",829,9,0,1,1,1,0,0,0,0,0,"b",0,3,1,6,1,1,0,0,0,0,2,0,6,"3","0",0,0,1,0,1,0,0,0,0,0,"2",""
"2024inpla_qm47",47,"red","9/5/56196 18:40:00","2024inpla",,-1,-1,"Gillian (7617)",1747,8,0,0,0,0,0,0,0,0,0,"a",0,1,0,0,8,1,0,0,0,0,0,0,12,"1","1",0,0,1,0,1,0,1,0,0,0,"1",""
"2024inpla_qm47",47,"red","9/5/56196 18:40:00","2024inpla",,-1,-1,"Jonas (3940)",7477,8,0,0,0,0,0,0,0,0,0,"d",0,0,0,0,3,1,0,0,0,0,3,0,0,"0","0",0,0,1,0,0,1,1,0,0,0,"3",""
"2024inpla_qm48",48,"blue","9/4/56196 08:00:00","2024inpla",,-1,-1,"Anwesha (4982)",1018,9,0,0,1,0,0,0,0,0,0,"b",0,1,0,2,6,0,0,0,0,0,0,0,8,"3","1",0,0,1,0,0,0,0,0,0,0,"3","great cycles,  but positioning hesitation"
"2024inpla_qm48",48,"red","9/4/56196 08:00:00","2024inpla",,-1,-1,"Baileigh (829)",3494,9,0,1,0,0,0,0,0,0,0,"a",1,0,1,6,0,0,0,0,0,1,0,0,15,"1","0",0,0,1,1,0,0,0,0,0,0,"2",""
"2024inpla_qm48",48,"red","9/4/56196 08:00:00","2024inpla",,-1,-1,"Gillian (7617)",3936,9,0,0,0,0,0,0,0,0,0,"b",0,1,1,0,1,1,0,0,0,0,0,0,0,"4","0",0,0,1,0,0,1,1,0,0,0,"3","couldn't intake, didn't really help the alliance at all"
"2024inpla_qm48",48,"blue","9/4/56196 08:00:00","2024inpla",,-1,-1,"Jiping (3494)",4982,9,0,0,0,0,0,0,0,0,0,"c",0,1,1,0,1,1,0,0,0,0,0,11,13,"1","1",0,0,1,0,0,0,1,0,0,0,"2",""
"2024inpla_qm48",48,"blue","9/4/56196 08:00:00","2024inpla",,-1,-1,"Nathan (7457)",7457,9,0,1,1,0,1,0,0,0,0,"a",0,3,0,4,1,0,0,1,0,1,3,0,25,"1","0",0,0,1,0,1,0,0,0,0,0,"1",""
"2024inpla_qm48",48,"red","9/4/56196 08:00:00","2024inpla",,-1,-1,"Jonas (3940)",9119,9,0,0,0,0,0,0,0,0,0,"d",0,0,1,0,0,0,0,0,0,0,0,0,7,"0","2",0,0,0,0,0,1,0,0,0,0,"1","defense "
"2024inpla_qm49",49,"blue","9/2/56196 21:20:00","2024inpla",,-1,-1,"Anwesha (4982)",234,9,0,0,0,0,0,0,0,0,0,"c",0,1,0,0,5,1,0,1,0,0,0,0,0,"0","0",0,0,1,0,1,0,1,0,0,0,"1","good robot but meh auto"
"2024inpla_qm49",49,"blue","9/2/56196 21:20:00","2024inpla",,-1,-1,"Jiping (3494)",868,9,0,1,1,1,1,0,0,0,0,"b",0,4,1,5,0,0,0,0,0,1,1,0,14,"1","0",0,0,1,1,0,0,1,0,0,0,"2",""
"2024inpla_qm49",49,"red","9/2/56196 21:20:00","2024inpla",,-1,-1,"Baileigh (829)",3487,9,0,0,0,0,0,0,0,0,0,"d",0,0,0,2,2,1,0,0,0,0,3,0,0,"0","0",0,0,1,1,1,0,0,0,0,0,"2",""
"2024inpla_qm49",49,"red","9/2/56196 21:20:00","2024inpla",,-1,-1,"Gillian (7617)",3865,9,0,0,0,0,0,0,0,0,0,"d",0,0,1,0,0,0,0,0,0,0,0,0,9,"1","0",0,0,0,0,0,1,1,0,0,0,"3","didn't have shooting mechanism"
"2024inpla_qm49",49,"red","9/2/56196 21:20:00","2024inpla",,-1,-1,"Jonas (3940)",7617,9,0,0,1,1,0,0,0,0,0,"b",0,2,0,8,1,0,0,0,0,0,0,0,0,"0","0",0,0,1,1,0,0,0,0,0,0,"1",""
"2024inpla_qm49",49,"blue","9/2/56196 21:20:00","2024inpla",,-1,-1,"Nathan (7457)",9431,9,0,0,0,0,0,0,0,0,0,"d",0,0,1,0,1,1,0,0,0,0,1,0,0,"4","0",0,0,0,1,0,1,0,0,0,0,"3","they just ran around in circles "
"2024inpla_qm50",50,"blue","9/1/56196 10:40:00","2024inpla",,-1,-1,"Anwesha (4982)",328,9,0,0,0,0,0,0,0,0,0,"a",0,0,0,0,0,0,0,0,0,0,0,0,8,"4","0",0,0,0,0,1,1,1,0,0,0,"2","Very good defense... but ultimately not effective enough"
"2024inpla_qm50",50,"red","9/1/56196 10:40:00","2024inpla",,-1,-1,"Baileigh (829)",1747,9,0,1,0,0,0,0,0,0,0,"c",1,0,0,0,3,0,0,0,0,0,0,0,0,"0","0",0,0,1,1,0,0,0,1,0,0,"3","died "
"2024inpla_qm50",50,"blue","9/1/56196 10:40:00","2024inpla",,-1,-1,"Jiping (3494)",3940,9,0,1,1,0,0,0,0,0,0,"b",0,1,1,2,5,1,0,0,0,0,1,2,1,"1","0",0,0,1,0,1,0,1,0,0,0,"1",""
"2024inpla_qm50",50,"red","9/1/56196 10:40:00","2024inpla",,-1,-1,"Gillian (7617)",5010,9,0,0,1,0,0,0,0,0,0,"b",0,1,1,4,2,1,0,0,0,0,2,0,0,"4","0",0,0,1,0,0,0,0,0,0,0,"1",""
"2024inpla_qm50",50,"blue","9/1/56196 10:40:00","2024inpla",,-1,-1,"Nathan (7457)",9071,9,0,0,0,0,0,0,0,0,0,"c",0,0,0,1,0,0,0,0,0,0,1,0,0,"0","0",0,0,1,0,0,0,1,1,0,0,"3","Died after one robot bumped into them."
"2024inpla_qm50",50,"red","9/1/56196 10:40:00","2024inpla",,-1,-1,"Jonas (3940)",9530,9,0,0,0,0,0,0,0,0,0,"a",0,0,0,0,0,0,0,0,0,0,0,0,0,"0","0",0,0,0,1,0,0,1,0,0,0,"2",""
"2024inpla_qm51",51,"red","10/0/56196 00:00:00","2024inpla",,-1,-1,"Baileigh (829)",447,9,0,0,0,0,0,0,0,0,0,"a",0,0,0,0,6,1,0,0,0,0,0,0,4,"1","0",0,0,1,1,1,0,0,0,0,0,"2",""
"2024inpla_qm51",51,"red","10/0/56196 00:00:00","2024inpla",,-1,-1,"Gillian (7617)",4485,9,0,0,0,0,0,0,0,0,0,"c",0,0,0,0,0,0,0,0,0,0,0,0,0,"4","0",0,0,0,0,0,1,1,0,0,0,"3",""
"2024inpla_qm51",51,"blue","10/0/56196 00:00:00","2024inpla",,-1,-1,"Anwesha (4982)",4580,9,0,0,0,0,0,0,0,0,0,"a",0,0,0,0,0,0,0,0,0,0,0,1,0,"0","0",0,0,1,0,0,1,1,0,0,0,"2","middle speed,  lots of defense but timid drivers"
"2024inpla_qm51",51,"blue","10/0/56196 00:00:00","2024inpla",,-1,-1,"Jiping (3494)",6721,9,0,0,0,0,0,0,0,0,0,"c",0,0,1,3,2,1,0,0,0,0,0,0,0,"4","0",0,0,1,0,1,0,1,0,0,0,"1",""
"2024inpla_qm51",51,"red","10/0/56196 00:00:00","2024inpla",,-1,-1,"Jonas (3940)",6956,9,0,0,0,0,0,0,0,0,0,"b",0,1,1,0,7,1,0,0,0,0,0,0,0,"0","0",0,0,1,0,0,0,0,0,0,0,"1",""
"2024inpla_qm51",51,"blue","10/0/56196 00:00:00","2024inpla",,-1,-1,"Nathan (7457)",8742,9,0,0,1,1,0,0,0,0,0,"b",0,2,1,0,0,0,0,0,0,0,1,0,0,"0","0",0,0,1,0,1,0,1,0,0,0,"3","Just drove around in circles "
"2024inpla_qm52",52,"red","10/5/56196 13:20:00","2024inpla",,-1,-1,"Baileigh (829)",135,9,0,1,1,1,0,0,0,0,0,"a",0,0,1,0,5,0,0,0,0,0,0,0,11,"1","0",0,0,1,1,1,0,0,0,0,0,"2",""
"2024inpla_qm52",52,"blue","10/5/56196 13:20:00","2024inpla",,-1,-1,"Anwesha (4982)",1501,9,0,1,1,1,1,0,0,0,0,"b",0,5,1,5,0,1,0,1,0,0,2,0,16,"1","0",0,0,1,0,0,0,1,0,0,0,"2","mitochondrion: the powerhouse of the cell"
"2024inpla_qm52",52,"blue","10/5/56196 13:20:00","2024inpla",,-1,-1,"Jiping (3494)",1741,9,0,0,0,0,0,0,0,1,1,"c",0,2,1,0,9,1,1,1,0,0,0,1,8,"1","0",0,0,1,0,1,0,1,0,0,0,"1",""
"2024inpla_qm52",52,"red","10/5/56196 13:20:00","2024inpla",,-1,-1,"Gillian (7617)",2867,9,0,0,1,0,0,0,0,0,0,"b",0,1,1,1,6,1,0,0,0,0,0,0,9,"0","0",0,0,1,0,1,0,0,0,0,0,"1",""
"2024inpla_qm52",52,"red","10/5/56196 13:20:00","2024inpla",,-1,-1,"Jonas (3940)",4008,9,0,0,0,0,0,0,0,0,0,"d",0,0,1,0,0,0,0,0,0,0,0,0,0,"0","0",0,0,0,0,0,1,0,0,0,0,"3",""
"2024inpla_qm52",52,"blue","10/5/56196 13:20:00","2024inpla",,-1,-1,"Nathan (7457)",7477,9,0,0,0,0,0,0,0,0,0,"d",0,0,0,0,0,0,0,0,0,0,0,0,0,"4","0",0,0,0,1,0,1,0,0,0,0,"3","Avoided teammates "
"2024inpla_qm53",53,"blue","7/3/56198 08:00:00","2024inpla",,-1,-1,"Aaron (461)",292,9,0,1,1,1,0,0,0,0,0,"b",0,3,0,0,7,1,0,0,0,0,0,0,0,"4","0",0,0,1,0,1,0,0,0,0,0,"1","solid although not super fast "
"2024inpla_qm53",53,"blue","7/3/56198 08:00:00","2024inpla",,-1,-1,"Kaine (7457)",328,10,0,0,0,0,0,0,0,0,0,"a",0,0,0,4,0,0,0,0,0,0,1,0,0,"0","0",0,0,1,0,1,0,1,0,0,0,"2",""
"2024inpla_qm53",53,"red","7/3/56198 08:00:00","2024inpla",,-1,-1,"Jonas (3940)",3487,10,0,0,1,0,0,0,0,0,0,"b",0,1,1,0,7,0,1,0,0,0,4,0,0,"0","0",0,0,1,0,1,0,1,0,0,0,"2",""
"2024inpla_qm53",53,"red","7/3/56198 08:00:00","2024inpla",,-1,-1,"Milla (7617)",3494,10,0,1,0,0,0,0,0,0,0,"a",1,0,1,9,0,0,0,0,0,0,4,0,0,"4","0",0,0,1,0,1,0,0,0,0,0,"1",""
"2024inpla_qm53",53,"red","7/3/56198 08:00:00","2024inpla",,-1,-1,"Jake (4982)",3890,9,0,0,0,0,0,0,0,0,0,"d",0,0,0,0,0,0,0,0,0,0,0,0,0,"0","0",0,0,0,0,0,1,0,0,0,0,"3",""
"2024inpla_qm53",53,"blue","7/3/56198 08:00:00","2024inpla",,-1,-1,"Sarah (1501)",3947,9,0,0,0,0,0,0,0,0,0,"d",0,0,0,0,2,0,0,0,0,0,0,0,0,"0","0",0,0,1,0,0,0,0,0,0,0,"1",""
"2024inpla_qm54",54,"blue","7/1/56198 21:20:00","2024inpla",,-1,-1,"Aaron (461)",234,10,0,1,0,0,0,0,0,0,0,"b",0,0,1,0,6,0,0,1,0,0,0,0,0,"4","0",0,0,1,0,0,0,0,0,0,0,"1","pretty solid, had a rough start due to technical"
"2024inpla_qm54",54,"blue","7/1/56198 21:20:00","2024inpla",,-1,-1,"Kaine (7457)",447,10,0,0,0,0,0,0,0,0,0,"c",0,0,0,0,1,0,0,1,0,0,3,0,8,"1","1",0,0,1,0,1,0,0,1,0,0,"3","They did auto but seemed to have some mess up with it and and they slammed into the wall possibly causing them to stop working for a while."
"2024inpla_qm54",54,"red","7/1/56198 21:20:00","2024inpla",,-1,-1,"Jonah (461)",461,10,0,0,0,0,0,0,0,0,0,"c",0,1,0,6,3,1,1,0,0,0,4,0,0,"0","0",0,1,1,0,0,0,0,0,0,0,"1",""
"2024inpla_qm54",54,"red","7/1/56198 21:20:00","2024inpla",,-1,-1,"Milla (7617)",6721,10,0,1,0,0,0,0,0,0,0,"b",0,1,1,0,0,0,0,0,0,0,4,5,18,"1","0",0,0,1,0,0,1,0,0,0,1,"3","shaky driving "
"2024inpla_qm54",54,"red","7/1/56198 21:20:00","2024inpla",,-1,-1,"Jake (4982)",7457,10,0,1,0,0,1,1,1,0,0,"a",0,3,1,2,4,0,1,0,1,1,0,0,23,"0","0",0,0,1,0,1,0,0,0,0,0,"2",""
"2024inpla_qm54",54,"blue","7/1/56198 21:20:00","2024inpla",,-1,-1,"Sarah (1501)",7617,10,0,0,0,0,0,0,0,0,0,"a",0,0,0,6,1,0,0,0,0,0,2,0,0,"0","0",0,0,1,1,0,0,0,0,0,0,"1",""
"2024inpla_qm55",55,"red","7/0/56198 10:40:00","2024inpla",,-1,-1,"Jonah (461)",868,10,0,1,1,1,1,0,0,0,0,"b",0,2,0,4,0,0,0,0,0,0,2,0,9,"0","1",0,0,1,1,0,0,0,0,0,0,"2",""
"2024inpla_qm55",55,"red","7/0/56198 10:40:00","2024inpla",,-1,-1,"Milla (7617)",1741,10,0,0,0,0,0,0,0,0,0,"d",0,1,1,0,5,1,0,1,0,0,0,0,9,"1","0",0,0,1,0,1,0,1,0,0,0,"1",""
"2024inpla_qm55",55,"blue","7/0/56198 10:40:00","2024inpla",,-1,-1,"Aaron (461)",2867,10,0,0,0,0,0,0,0,0,0,"b",0,1,1,0,6,1,0,0,0,0,0,0,2,"2","0",0,0,1,0,1,0,0,0,0,0,"1","good, few intake issues though"
"2024inpla_qm55",55,"blue","7/0/56198 10:40:00","2024inpla",,-1,-1,"Kaine (7457)",4485,10,0,0,0,0,0,0,0,0,0,"a",0,0,0,0,0,0,0,0,0,0,2,0,0,"0","0",0,0,0,0,0,1,0,0,0,0,"3","they played defense the entire time and did not weigh that much and got pushed around a lot more."
"2024inpla_qm55",55,"red","7/0/56198 10:40:00","2024inpla",,-1,-1,"Jake (4982)",4580,10,0,0,0,0,0,0,0,0,0,"a",0,0,0,1,0,1,0,0,0,0,0,0,0,"0","0",0,0,1,0,0,0,1,0,0,0,"3",""
"2024inpla_qm55",55,"blue","7/0/56198 10:40:00","2024inpla",,-1,-1,"Sarah (1501)",8742,10,0,0,0,0,0,0,0,0,0,"c",0,0,0,5,0,0,0,0,0,0,0,0,0,"0","0",0,0,1,0,0,0,0,0,0,0,"2",""
"2024inpla_qm56",56,"blue","7/6/56198 00:00:00","2024inpla",,-1,-1,"Jonah (461)",829,10,0,0,0,0,0,0,0,1,1,"c",0,2,0,0,7,1,1,0,0,0,0,0,9,"1","0",0,0,1,0,1,0,0,0,0,0,"2",""
"2024inpla_qm56",56,"blue","7/6/56198 00:00:00","2024inpla",,-1,-1,"Kaine (7457)",1501,10,0,1,1,1,0,1,0,0,0,"b",0,3,0,1,4,1,1,1,0,1,0,0,16,"0","0",0,0,0,1,1,0,1,0,0,0,"1",""
"2024inpla_qm56",56,"red","7/6/56198 00:00:00","2024inpla",,-1,-1,"Jonas (3940)",3890,10,0,0,0,0,0,0,0,0,0,"d",0,0,0,0,0,0,0,0,0,0,0,0,0,"0","0",0,0,0,0,0,1,0,0,0,0,"3",""
"2024inpla_qm56",56,"red","7/6/56198 00:00:00","2024inpla",,-1,-1,"Milla (7617)",3940,10,0,1,0,0,0,0,0,0,0,"b",0,2,1,0,7,1,0,1,0,1,0,0,9,"1","0",0,0,1,0,1,0,1,0,0,0,"1",""
"2024inpla_qm56",56,"blue","7/6/56198 00:00:00","2024inpla",,-1,-1,"Sarah (1501)",4982,10,0,0,0,0,0,0,0,0,0,"a",0,1,0,4,2,1,0,0,0,0,0,0,0,"0","0",0,0,0,0,0,0,1,0,0,0,"3",""
"2024inpla_qm56",56,"red","7/6/56198 00:00:00","2024inpla",,-1,-1,"Jake (4982)",9431,10,0,0,0,0,0,0,0,0,0,"a",0,0,1,0,0,1,0,0,0,0,0,0,20,"0","0",0,0,1,0,0,1,0,0,0,0,"2",""
"2024inpla_qm57",57,"blue","7/4/56198 13:20:00","2024inpla",,-1,-1,"Jonah (461)",292,10,0,0,1,1,0,0,0,0,0,"b",0,3,1,0,10,1,0,0,0,0,0,0,0,"0","0",0,0,1,0,1,0,1,0,0,0,"1",""
"2024inpla_qm57",57,"red","7/4/56198 13:20:00","2024inpla",,-1,-1,"Jonas (3940)",3865,10,0,0,0,0,0,0,0,0,0,"d",0,0,1,0,0,0,0,0,0,0,0,0,7,"0","0",0,0,0,0,0,1,0,0,0,0,"3",""
"2024inpla_qm57",57,"red","7/4/56198 13:20:00","2024inpla",,-1,-1,"Milla (7617)",3947,10,0,0,0,0,0,0,0,0,0,"d",0,0,0,0,1,1,0,0,0,0,0,0,9,"1","1",0,0,0,1,0,0,0,0,0,0,"2",""
"2024inpla_qm57",57,"blue","7/4/56198 13:20:00","2024inpla",,-1,-1,"Kaine (7457)",4008,10,0,0,0,0,0,0,0,0,0,"d",0,0,1,0,0,0,0,0,0,0,0,0,0,"0","0",0,0,0,0,0,0,0,0,0,0,"3","they just wobbled around and didn't do anything."
"2024inpla_qm57",57,"red","7/4/56198 13:20:00","2024inpla",,-1,-1,"Jake (4982)",7477,10,0,0,0,0,0,0,0,0,0,"a",0,0,1,0,4,1,0,0,0,0,0,0,20,"1","0",0,0,1,0,0,0,0,0,0,0,"1",""
"2024inpla_qm57",57,"blue","7/4/56198 13:20:00","2024inpla",,-1,-1,"Sarah (1501)",9119,10,0,0,0,0,0,0,0,0,0,"d",0,0,1,0,0,0,0,0,0,0,0,0,0,"0","0",0,0,0,0,0,1,0,0,0,0,"2",""
"2024inpla_qm58",58,"blue","7/3/56198 02:40:00","2024inpla",,-1,-1,"Jonah (461)",135,10,0,1,1,1,0,0,0,0,0,"b",0,2,1,0,6,0,0,1,1,0,0,0,0,"4","0",0,0,1,0,1,0,1,0,0,0,"2",""
"2024inpla_qm58",58,"blue","7/3/56198 02:40:00","2024inpla",,-1,-1,"Kaine (7457)",1018,10,0,0,0,0,0,0,0,0,0,"a",0,1,0,2,0,0,0,0,0,0,1,0,5,"2","1",0,0,1,0,1,0,1,0,0,0,"3","constantly had struggles getting it into the Amp and took a lot of time to do so."
"2024inpla_qm58",58,"blue","7/3/56198 02:40:00","2024inpla",,-1,-1,"Sarah (1501)",1747,10,0,0,0,0,0,0,0,0,0,"b",0,0,1,0,7,0,0,0,0,0,0,0,0,"0","0",0,0,1,0,0,0,0,0,0,0,"1",""
"2024inpla_qm58",58,"red","7/3/56198 02:40:00","2024inpla",,-1,-1,"Jonas (3940)",6956,10,0,0,1,0,0,0,0,0,0,"b",0,1,0,0,3,1,0,0,0,0,1,0,0,"0","0",0,0,1,1,0,0,0,0,0,0,"2",""
"2024inpla_qm58",58,"red","7/3/56198 02:40:00","2024inpla",,-1,-1,"Milla (7617)",9071,10,0,0,0,0,0,0,0,0,0,"c",0,0,0,3,0,0,0,0,0,0,0,0,0,"4","0",0,0,1,0,0,0,0,0,0,0,"1",""
"2024inpla_qm58",58,"red","7/3/56198 02:40:00","2024inpla",,-1,-1,"Jake (4982)",9530,10,0,0,0,0,0,0,0,0,0,"d",0,0,0,0,0,0,0,0,0,0,0,0,0,"0","0",0,0,0,0,0,1,0,0,0,0,"3",""
"2024inpla_qm59",59,"blue","8/1/56198 16:00:00","2024inpla",,-1,-1,"Jonah (461)",1741,11,0,0,1,1,0,0,0,0,0,"b",0,3,1,0,11,1,1,1,0,0,0,0,0,"4","0",0,0,1,0,1,0,1,0,0,0,"1",""
"2024inpla_qm59",59,"blue","8/1/56198 16:00:00","2024inpla",,-1,-1,"Kaine (7457)",3936,10,0,0,0,0,0,0,0,0,0,"c",0,1,0,0,0,1,0,0,0,0,0,0,40,"0","0",0,0,1,0,1,0,1,1,0,1,"2","it looked like had problems climbing and their climber broke off. "
"2024inpla_qm59",59,"red","8/1/56198 16:00:00","2024inpla",,-1,-1,"Jonas (3940)",3940,11,0,1,1,1,0,0,0,0,0,"b",0,4,0,3,3,0,0,0,0,0,0,0,11,"0","2",0,0,1,0,1,0,1,0,0,0,"1","trap went well "
"2024inpla_qm59",59,"red","8/1/56198 16:00:00","2024inpla",,-1,-1,"Milla (7617)",5010,10,0,1,0,0,0,0,0,0,0,"c",0,0,1,0,2,1,0,0,0,0,2,0,6,"1","0",0,0,1,0,1,1,0,0,0,0,"2","got a broken note stuck in the top of the shooter/pickup "
"2024inpla_qm59",59,"red","8/1/56198 16:00:00","2024inpla",,-1,-1,"Jake (4982)",6721,11,0,0,0,0,0,0,0,0,0,"a",0,1,0,0,0,1,0,0,0,0,0,1,23,"1","0",0,0,1,0,1,0,0,0,0,0,"3",""
"2024inpla_qm59",59,"blue","8/1/56198 16:00:00","2024inpla",,-1,-1,"Sarah (1501)",9431,11,0,0,0,0,0,0,0,0,0,"d",0,0,1,0,0,0,0,0,0,0,0,0,0,"0","0",0,0,0,1,0,1,0,0,0,0,"3",""
"2024inpla_qm60",60,"blue","8/0/56198 05:20:00","2024inpla",,-1,-1,"Jonah (461)",829,11,0,1,1,1,0,0,0,0,0,"b",0,4,1,1,7,1,1,0,0,0,0,0,0,"4","0",0,0,1,0,1,0,1,1,0,0,"1",""
"2024inpla_qm60",60,"red","8/0/56198 05:20:00","2024inpla",,-1,-1,"Jonas (3940)",1501,11,0,1,1,1,0,1,0,0,0,"b",0,4,0,0,4,0,0,0,0,0,0,0,10,"0","1",0,0,1,0,0,0,0,0,0,0,"1",""
"2024inpla_qm60",60,"red","8/0/56198 05:20:00","2024inpla",,-1,-1,"Milla (7617)",3494,11,0,1,0,0,0,0,0,0,0,"a",1,0,1,8,0,0,0,0,0,1,0,0,11,"0","0",0,0,1,0,1,0,0,0,0,0,"2",""
"2024inpla_qm60",60,"red","8/0/56198 05:20:00","2024inpla",,-1,-1,"Jake (4982)",3865,11,0,0,0,0,0,0,0,0,0,"d",0,0,1,0,0,0,0,0,0,0,0,0,9,"0","0",0,0,0,0,1,1,0,0,0,0,"3",""
"2024inpla_qm60",60,"blue","8/0/56198 05:20:00","2024inpla",,-1,-1,"Kaine (7457)",4485,11,0,0,0,0,0,0,0,0,0,"a",0,0,0,0,0,0,0,0,0,0,0,0,0,"0","0",0,0,0,0,1,1,1,1,0,0,"3","they were playing defense and got hit hard into the podium and stopped moving for the rest of the match."
"2024inpla_qm60",60,"blue","8/0/56198 05:20:00","2024inpla",,-1,-1,"Sarah (1501)",7477,11,0,0,0,0,0,0,0,0,0,"d",0,0,1,0,2,0,0,0,0,0,0,0,0,"0","0",0,0,1,0,0,0,0,0,0,0,"2",""
"2024inpla_qm61",61,"blue","8/5/56198 18:40:00","2024inpla",,-1,-1,"Jonah (461)",135,11,0,0,0,0,0,0,0,0,1,"c",0,1,1,0,4,1,1,0,0,0,0,0,3,"1","0",0,0,1,0,1,0,0,0,0,0,"3","Hit the top of the speaker a lot"
"2024inpla_qm61",61,"blue","8/5/56198 18:40:00","2024inpla",,-1,-1,"Kaine (7457)",292,11,0,0,0,1,0,0,0,1,0,"c",0,2,0,0,6,1,0,1,0,0,0,0,2,"0","0",0,0,1,0,1,0,1,0,0,0,"2",""
"2024inpla_qm61",61,"red","8/5/56198 18:40:00","2024inpla",,-1,-1,"Jonas (3940)",3947,11,0,0,0,0,0,0,0,0,0,"a",0,0,0,0,0,0,0,0,0,0,0,7,0,"0","0",0,0,1,0,1,0,0,0,0,0,"3",""
"2024inpla_qm61",61,"red","8/5/56198 18:40:00","2024inpla",,-1,-1,"Marie (7617)",6956,11,0,0,0,0,0,0,0,0,0,"c",0,0,1,0,7,1,0,0,0,0,0,0,0,"0","0",0,0,1,0,0,0,0,0,0,0,"1","no Amp capabilities "
"2024inpla_qm61",61,"blue","8/5/56198 18:40:00","2024inpla",,-1,-1,"Sarah (1501)",7457,11,0,0,0,0,0,0,0,0,0,"a",0,3,0,7,0,0,0,0,0,1,2,0,0,"0","0",0,0,1,0,0,0,0,0,0,0,"1",""
"2024inpla_qm61",61,"red","8/5/56198 18:40:00","2024inpla",,-1,-1,"Jake (4982)",8742,11,0,0,0,0,0,0,0,0,0,"b",0,1,1,0,7,1,0,0,0,0,0,0,0,"0","0",0,0,1,0,1,0,0,0,0,0,"2",""
"2024inpla_qm62",62,"blue","8/4/56198 08:00:00","2024inpla",,-1,-1,"Jonah (461)",234,11,0,0,1,1,0,0,0,0,0,"b",0,3,1,0,4,0,1,0,0,0,0,0,0,"0","0",0,0,1,0,1,1,1,0,0,1,"1",""
"2024inpla_qm62",62,"blue","8/4/56198 08:00:00","2024inpla",,-1,-1,"Kaine (7457)",1747,11,0,0,0,0,0,0,0,0,0,"c",0,1,1,0,4,1,0,0,0,0,0,0,0,"0","0",0,0,1,0,0,1,1,1,0,1,"3","something seemed like it feel off, the reason the bot died was another bot s,asked into and after the hit it stopped working or moving."
"2024inpla_qm62",62,"blue","8/4/56198 08:00:00","2024inpla",,-1,-1,"Sarah (1501)",3487,11,0,0,0,0,0,0,0,0,0,"a",0,0,1,4,2,0,0,0,0,0,1,0,0,"0","0",0,0,0,0,0,0,1,0,0,0,"2",""
"2024inpla_qm62",62,"red","8/4/56198 08:00:00","2024inpla",,-1,-1,"Jonas (3940)",3890,11,0,1,1,0,0,0,0,0,0,"b",0,1,0,1,9,1,0,0,0,0,0,0,0,"0","0",0,0,1,0,0,0,0,0,0,0,"1",""
"2024inpla_qm62",62,"red","8/4/56198 08:00:00","2024inpla",,-1,-1,"Marie (7617)",4008,11,0,0,0,0,0,0,0,0,0,"c",0,0,1,0,0,0,0,0,0,0,0,0,5,"4","0",0,0,0,1,0,1,0,0,0,0,"3",""
"2024inpla_qm62",62,"red","8/4/56198 08:00:00","2024inpla",,-1,-1,"Elvis (4982)",4982,11,0,1,0,0,0,0,0,0,0,"b",0,1,1,0,9,1,0,0,0,0,0,1,0,"0","0",0,0,1,0,1,0,0,0,0,0,"2",""
"2024inpla_qm63",63,"red","8/2/56198 21:20:00","2024inpla",,-1,-1,"Jonas (3940)",328,11,0,0,0,0,0,0,0,0,0,"a",1,0,0,5,0,0,0,0,0,0,1,0,0,"0","0",0,0,1,0,1,0,0,0,0,0,"1",""
"2024inpla_qm63",63,"red","8/2/56198 21:20:00","2024inpla",,-1,-1,"Marie (7617)",447,11,0,0,0,0,0,0,0,0,0,"c",0,1,0,0,2,0,1,0,0,0,1,0,0,"0","0",0,0,1,0,1,0,0,0,0,0,"2","couldn't pick up notes very well, they kept getting stuck under the robot."
"2024inpla_qm63",63,"blue","8/2/56198 21:20:00","2024inpla",,-1,-1,"Jonah (461)",868,11,0,1,1,1,0,0,0,0,0,"b",0,3,1,0,8,1,1,1,0,0,0,0,10,"1","0",0,0,1,1,0,0,1,0,0,0,"1","Shot while moving "
"2024inpla_qm63",63,"blue","8/2/56198 21:20:00","2024inpla",,-1,-1,"Kaine (7457)",3936,11,0,0,0,0,0,0,0,0,0,"a",0,0,0,0,2,1,0,0,0,0,0,0,12,"0","0",0,0,1,0,1,1,1,0,0,1,"2","Their climber broke again and fell off."
"2024inpla_qm63",63,"blue","8/2/56198 21:20:00","2024inpla",,-1,-1,"Sarah (1501)",9071,11,0,0,0,0,0,0,0,0,0,"c",0,0,1,1,0,0,0,0,0,0,0,0,0,"0","0",0,0,1,0,0,0,0,0,0,0,"3",""
"2024inpla_qm63",63,"red","8/2/56198 21:20:00","2024inpla",,-1,-1,"Elvis (4982)",9530,11,0,0,0,0,0,0,0,0,0,"d",0,0,0,0,0,0,0,0,0,0,0,0,0,"0","0",0,0,0,0,0,1,0,0,0,0,"3",""
"2024inpla_qm64",64,"blue","9/1/56198 10:40:00","2024inpla",,-1,-1,"Jonah (461)",461,11,0,0,0,0,0,0,0,0,1,"c",0,1,1,7,2,0,0,1,0,0,3,0,0,"4","0",0,0,1,0,1,0,1,0,0,0,"1",""
"2024inpla_qm64",64,"red","9/1/56198 10:40:00","2024inpla",,-1,-1,"Jonas (3940)",1018,11,0,0,0,0,0,0,0,0,0,"c",0,1,0,2,4,0,0,0,0,0,0,0,0,"2","2",0,0,1,0,1,0,1,0,0,0,"2",""
"2024inpla_qm64",64,"blue","9/1/56198 10:40:00","2024inpla",,-1,-1,"Kaine (7457)",2867,11,0,0,1,0,0,0,0,0,0,"a",0,2,0,0,4,1,0,0,0,0,0,0,8,"1","1",0,0,1,0,1,0,1,0,0,0,"2","Have under bumper intake and they got a note stuck between their wheels from missing."
"2024inpla_qm64",64,"red","9/1/56198 10:40:00","2024inpla",,-1,-1,"Marie (7617)",5010,11,0,0,1,0,0,0,0,0,0,"b",0,2,0,3,4,0,1,0,0,0,3,0,6,"1","1",0,0,1,0,1,0,0,0,0,0,"1",""
"2024inpla_qm64",64,"blue","9/1/56198 10:40:00","2024inpla",,-1,-1,"Sarah (1501)",7617,11,0,0,0,0,0,0,0,0,0,"b",0,0,1,0,4,1,1,0,0,0,0,0,0,"0","0",0,0,1,1,0,0,0,0,0,0,"3",""
"2024inpla_qm64",64,"red","9/1/56198 10:40:00","2024inpla",,-1,-1,"Elvis (4982)",9119,11,0,0,0,0,0,0,0,0,0,"d",0,0,1,0,0,0,0,0,0,0,0,0,0,"1","0",0,0,0,0,0,1,0,0,0,0,"3",""
"2024inpla_qm65",65,"blue","9/0/56198 00:00:00","2024inpla",,-1,-1,"Raphael (461)",1747,12,0,0,0,0,0,0,0,0,0,"c",0,1,0,0,0,0,0,0,0,0,0,0,0,"0","0",0,0,0,0,0,0,0,1,0,0,"0","can not rank driver because it didn't move at all"
"2024inpla_qm65",65,"blue","9/0/56198 00:00:00","2024inpla",,-1,-1,"Kaine (7457)",4008,12,0,0,0,0,0,0,0,0,0,"d",0,0,1,0,0,0,0,0,0,0,0,0,0,"0","0",0,0,0,0,0,1,1,0,0,0,"3","they tried to do defense and kept getting shoved around."
"2024inpla_qm65",65,"red","9/0/56198 00:00:00","2024inpla",,-1,-1,"Jiping (3494)",4580,11,0,0,0,0,0,0,0,0,0,"a",0,0,0,4,0,0,0,0,0,0,0,0,0,"4","0",0,0,1,0,0,0,1,0,0,0,"3",""
"2024inpla_qm65",65,"blue","9/0/56198 00:00:00","2024inpla",,-1,-1,"Sarah (1501)",6721,12,0,0,0,0,0,0,0,0,0,"c",0,0,1,1,1,0,0,0,0,0,1,0,0,"0","0",0,0,1,0,0,0,0,0,0,0,"2",""
"2024inpla_qm65",65,"red","9/0/56198 00:00:00","2024inpla",,-1,-1,"Marie (7617)",7457,12,0,0,0,0,0,0,1,0,1,"d",0,2,1,0,10,1,1,1,0,1,1,0,11,"1","0",0,0,1,0,1,0,0,0,0,0,"1",""
"2024inpla_qm65",65,"red","9/0/56198 00:00:00","2024inpla",,-1,-1,"Elvis (4982)",7477,12,0,0,1,0,0,0,0,0,0,"b",0,0,1,0,4,0,0,0,0,0,0,0,0,"0","0",0,0,1,0,0,0,0,0,0,0,"2",""
"2024inpla_qm66",66,"blue","9/5/56198 13:20:00","2024inpla",,-1,-1,"Raphael (461)",234,12,0,0,0,0,0,0,0,0,0,"c",0,0,1,0,2,1,0,1,0,0,0,0,0,"4","0",0,0,1,0,0,1,0,0,0,0,"2","gets stuck while trying to go under chains"
"2024inpla_qm66",66,"red","9/5/56198 13:20:00","2024inpla",,-1,-1,"Jonas (3940)",292,12,0,1,1,1,0,0,0,0,0,"b",0,3,0,0,8,1,0,0,0,0,0,0,8,"0","0",0,0,0,1,0,0,0,0,0,0,"1",""
"2024inpla_qm66",66,"blue","9/5/56198 13:20:00","2024inpla",,-1,-1,"Kaine (7457)",829,12,0,1,1,1,0,0,0,0,0,"b",0,4,0,0,6,1,1,1,0,0,0,6,2,"0","0",0,0,1,0,0,0,1,0,0,0,"1",""
"2024inpla_qm66",66,"blue","9/5/56198 13:20:00","2024inpla",,-1,-1,"Sarah (1501)",3494,12,0,0,0,0,0,0,0,0,0,"a",0,0,0,6,0,0,0,0,0,1,3,1,0,"0","0",0,0,1,0,0,0,0,0,0,0,"3",""
"2024inpla_qm66",66,"red","9/5/56198 13:20:00","2024inpla",,-1,-1,"Marie (7617)",8742,12,0,0,0,0,0,0,0,0,0,"a",0,1,0,3,0,0,0,0,0,0,0,0,9,"4","0",0,0,1,0,1,0,0,0,0,0,"2",""
"2024inpla_qm66",66,"red","9/5/56198 13:20:00","2024inpla",,-1,-1,"Elvis (4982)",9530,12,0,0,0,0,0,0,0,0,0,"d",0,0,0,0,0,0,0,0,0,0,0,0,0,"4","2",0,0,0,1,0,0,0,0,0,0,"3",""
"2024inpla_qm67",67,"blue","9/4/56198 02:40:00","2024inpla",,-1,-1,"Raphael (461)",461,12,0,0,0,0,0,0,1,1,1,"d",0,2,1,5,2,0,1,1,0,0,4,0,7,"2","0",0,0,1,1,0,0,1,0,0,0,"3",""
"2024inpla_qm67",67,"red","9/4/56198 02:40:00","2024inpla",,-1,-1,"Jonathan (3940)",1018,12,0,0,0,0,0,0,0,0,0,"a",0,1,0,1,6,0,0,0,0,0,0,0,7,"0","1",0,0,1,0,1,0,0,0,0,0,"2",""
"2024inpla_qm67",67,"blue","9/4/56198 02:40:00","2024inpla",,-1,-1,"Kaine (7457)",1501,12,0,1,1,1,0,1,0,0,0,"b",0,4,0,1,5,1,0,1,0,1,0,0,14,"1","0",0,0,1,0,0,1,1,0,0,0,"1",""
"2024inpla_qm67",67,"red","9/4/56198 02:40:00","2024inpla",,-1,-1,"Marie (7617)",3936,12,0,1,0,0,0,0,0,0,0,"b",0,0,0,0,1,0,1,0,0,0,0,0,42,"1","1",0,0,1,0,0,1,0,0,0,0,"3","had trouble with their intake, went of climb early"
"2024inpla_qm67",67,"red","9/4/56198 02:40:00","2024inpla",,-1,-1,"Elvis (4982)",4485,12,0,0,0,0,0,0,0,0,0,"c",0,0,0,0,0,0,0,0,0,0,0,0,0,"0","0",0,0,1,0,0,0,0,1,0,0,"3",""
"2024inpla_qm67",67,"blue","9/4/56198 02:40:00","2024inpla",,-1,-1,"Sarah (1501)",5010,12,0,0,0,0,0,0,0,0,0,"a",0,0,0,0,4,0,0,0,0,0,0,5,0,"0","0",0,0,0,0,0,0,0,0,0,0,"2",""
"2024inpla_qm68",68,"red","9/2/56198 16:00:00","2024inpla",,-1,-1,"Jonas (3940)",1741,12,0,1,1,1,0,0,0,0,0,"b",0,3,0,0,4,1,0,0,0,0,0,0,0,"4","0",0,0,1,0,0,0,0,1,0,1,"2",""
"2024inpla_qm68",68,"red","9/2/56198 16:00:00","2024inpla",,-1,-1,"Gillian (7617)",2867,12,0,0,0,0,0,0,0,0,0,"c",0,0,1,0,4,1,0,0,0,0,0,0,14,"1","0",0,0,1,0,1,1,1,0,0,0,"1",""
"2024inpla_qm68",68,"blue","9/2/56198 16:00:00","2024inpla",,-1,-1,"Raphael (461)",3865,12,0,0,0,0,0,0,0,0,0,"d",0,0,1,0,0,0,0,0,0,0,0,0,0,"0","0",0,0,0,0,0,1,0,1,0,0,"2","great speed and defense, but died in the middle"
"2024inpla_qm68",68,"blue","9/2/56198 16:00:00","2024inpla",,-1,-1,"Kaine (7457)",4580,12,0,0,0,0,0,0,0,0,0,"c",0,0,0,4,0,0,0,0,0,0,0,0,6,"0","0",0,0,1,0,1,1,1,0,0,0,"1",""
"2024inpla_qm68",68,"blue","9/2/56198 16:00:00","2024inpla",,-1,-1,"Sarah (1501)",4982,12,0,0,0,0,0,0,0,0,0,"b",0,0,0,0,3,1,1,0,0,0,1,0,0,"0","0",0,1,1,0,0,0,0,0,0,0,"3",""
"2024inpla_qm68",68,"red","9/2/56198 16:00:00","2024inpla",,-1,-1,"Elvis (4982)",9071,12,0,0,0,0,0,0,0,0,0,"d",0,0,1,2,0,0,0,0,0,0,0,0,0,"0","0",0,0,1,0,0,0,0,1,0,0,"2",""
"2024inpla_qm69",69,"red","9/1/56198 05:20:00","2024inpla",,-1,-1,"Jonas (3940)",135,12,0,0,0,0,0,0,0,0,0,"c",0,1,0,0,5,0,0,0,0,0,0,0,9,"0","0",0,0,1,0,0,0,0,0,0,0,"2",""
"2024inpla_qm69",69,"blue","9/1/56198 05:20:00","2024inpla",,-1,-1,"Raphael (461)",447,12,0,0,0,0,0,0,0,0,0,"c",0,1,1,0,4,1,0,1,0,0,0,0,0,"0","0",0,0,1,0,0,0,0,0,0,0,"2",""
"2024inpla_qm69",69,"blue","9/1/56198 05:20:00","2024inpla",,-1,-1,"Kaine (7457)",3487,12,0,0,1,0,0,0,0,0,0,"b",0,1,0,5,4,1,0,1,0,0,2,0,0,"4","0",0,0,1,0,1,0,1,0,0,0,"1",""
"2024inpla_qm69",69,"red","9/1/56198 05:20:00","2024inpla",,-1,-1,"Gillian (7617)",3940,12,0,1,1,0,0,0,0,0,0,"b",0,2,0,5,2,1,0,0,0,0,0,0,6,"1","0",0,0,1,0,1,1,0,0,0,0,"1",""
"2024inpla_qm69",69,"red","9/1/56198 05:20:00","2024inpla",,-1,-1,"Elvis (4982)",3947,12,0,0,0,0,0,0,0,0,0,"d",0,0,0,0,0,0,0,0,0,0,0,0,0,"0","0",0,0,1,0,1,0,0,0,0,0,"3","Intake issues "
"2024inpla_qm69",69,"blue","9/1/56198 05:20:00","2024inpla",,-1,-1,"Sarah (1501)",9431,12,0,0,0,0,0,0,0,0,0,"d",0,0,1,0,0,0,0,0,0,0,0,0,0,"0","0",0,0,0,1,0,0,0,0,0,0,"3",""
"2024inpla_qm70",70,"red","10/6/56198 18:40:00","2024inpla",,-1,-1,"Jonas (3940)",328,12,0,0,0,0,0,0,0,0,0,"a",1,0,0,4,0,0,0,0,0,0,0,0,0,"4","0",0,0,1,0,1,0,1,0,0,0,"3",""
"2024inpla_qm70",70,"red","10/6/56198 18:40:00","2024inpla",,-1,-1,"Gillian (7617)",868,12,0,1,1,1,1,0,0,0,0,"b",0,4,0,0,5,1,0,1,1,0,1,0,9,"1","0",0,0,1,1,0,0,0,0,0,1,"2","put one in wrong amp"
"2024inpla_qm70",70,"blue","10/6/56198 18:40:00","2024inpla",,-1,-1,"Raphael (461)",3890,12,0,0,0,0,0,0,0,0,0,"d",0,0,0,0,0,0,0,0,0,0,0,0,0,"4","0",0,0,0,0,0,1,0,0,0,0,"2","defense only"
"2024inpla_qm70",70,"blue","10/6/56198 18:40:00","2024inpla",,-1,-1,"Kaine (7457)",6956,12,0,0,1,0,0,0,0,0,0,"b",0,1,0,0,3,0,0,0,0,0,0,0,0,"4","0",0,0,1,0,1,0,1,1,0,0,"1",""
"2024inpla_qm70",70,"red","10/6/56198 18:40:00","2024inpla",,-1,-1,"Elvis (4982)",7617,12,0,0,0,0,0,0,0,0,0,"c",0,1,0,0,3,1,0,0,0,0,0,0,8,"1","2",0,0,0,1,0,0,0,0,0,0,"1",""
"2024inpla_qm70",70,"blue","10/6/56198 18:40:00","2024inpla",,-1,-1,"Sarah (1501)",9119,12,0,0,0,0,0,0,0,0,0,"d",0,0,1,0,0,0,0,0,0,0,0,0,0,"0","0",0,0,0,1,0,0,0,0,0,0,"3",""